Fecha,Compra,Venta
15-07-2022,"283,00","293,00"
14-07-2022,"279,00","289,00"
13-07-2022,"273,00","283,00"
12-07-2022,"262,00","272,00"
11-07-2022,"258,00","268,00"
08-07-2022,"263,00","273,00"
07-07-2022,"247,00","257,00"
06-07-2022,"245,00","255,00"
05-07-2022,"242,00","252,00"
04-07-2022,"250,00","260,00"
01-07-2022,"235,00","239,00"
30-06-2022,"234,00","238,00"
29-06-2022,"235,00","239,00"
28-06-2022,"235,00","239,00"
27-06-2022,"228,00","232,00"
24-06-2022,"222,00","226,00"
23-06-2022,"220,00","224,00"
22-06-2022,"220,00","224,00"
21-06-2022,"216,00","220,00"
16-06-2022,"212,00","216,00"
15-06-2022,"213,00","217,00"
14-06-2022,"220,00","224,00"
13-06-2022,"212,00","216,00"
10-06-2022,"206,00","210,00"
09-06-2022,"204,00","208,00"
08-06-2022,"204,00","208,00"
07-06-2022,"202,00","206,00"
06-06-2022,"201,00","205,00"
03-06-2022,"201,00","205,00"
02-06-2022,"202,00","206,00"
01-06-2022,"202,00","206,00"
31-05-2022,"201,00","206,00"
30-05-2022,"202,50","206,50"
27-05-2022,"202,50","206,50"
26-05-2022,"203,00","207,00"
24-05-2022,"204,00","208,00"
23-05-2022,"202,50","206,50"
20-05-2022,"201,00","204,00"
19-05-2022,"202,00","206,00"
17-05-2022,"204,00","208,00"
16-05-2022,"201,00","205,00"
13-05-2022,"199,50","203,50"
12-05-2022,"199,50","203,50"
11-05-2022,"201,00","205,00"
10-05-2022,"198,00","202,00"
09-05-2022,"197,50","201,50"
06-05-2022,"197,00","201,00"
05-05-2022,"197,50","201,50"
04-05-2022,"197,00","201,00"
03-05-2022,"199,50","203,50"
02-05-2022,"197,00","201,00"
29-04-2022,"196,50","200,50"
28-04-2022,"200,00","204,00"
27-04-2022,"202,50","206,50"
26-04-2022,"208,50","212,50"
25-04-2022,"201,50","205,50"
22-04-2022,"199,00","203,00"
21-04-2022,"198,00","202,00"
20-04-2022,"195,50","199,50"
19-04-2022,"194,00","198,00"
18-04-2022,"191,00","195,00"
13-04-2022,"191,00","195,00"
12-04-2022,"191,00","195,00"
11-04-2022,"191,00","195,00"
08-04-2022,"192,50","196,50"
07-04-2022,"192,00","196,00"
06-04-2022,"192,00","196,00"
05-04-2022,"192,00","196,00"
04-04-2022,"195,00","199,00"
01-04-2022,"196,00","200,00"
31-03-2022,"196,00","200,00"
30-03-2022,"197,00","201,00"
29-03-2022,"196,00","200,00"
28-03-2022,"196,00","200,00"
25-03-2022,"198,00","202,00"
23-03-2022,"197,00","201,00"
22-03-2022,"197,00","201,00"
21-03-2022,"198,00","202,00"
18-03-2022,"198,50","202,50"
17-03-2022,"198,00","202,00"
16-03-2022,"198,00","202,00"
15-03-2022,"196,00","200,00"
14-03-2022,"196,00","200,00"
11-03-2022,"198,00","202,00"
10-03-2022,"199,00","203,00"
09-03-2022,"200,50","204,50"
08-03-2022,"198,00","202,00"
07-03-2022,"197,00","201,00"
07-03-2022,"197,00","201,00"
07-03-2022,"197,00","201,00"
07-03-2022,"197,00","201,00"
04-03-2022,"197,00","201,00"
03-03-2022,"200,00","204,00"
02-03-2022,"202,00","206,00"
25-02-2022,"207,00","211,00"
24-02-2022,"206,50","210,50"
23-02-2022,"206,00","210,00"
22-02-2022,"206,00","210,00"
21-02-2022,"207,50","211,50"
18-02-2022,"207,00","211,00"
17-02-2022,"210,00","214,00"
16-02-2022,"211,00","215,00"
15-02-2022,"211,00","215,00"
14-02-2022,"211,00","215,00"
11-02-2022,"210,50","215,50"
10-02-2022,"211,50","215,50"
09-02-2022,"213,00","217,00"
08-02-2022,"211,00","215,00"
07-02-2022,"210,00","214,00"
04-02-2022,"210,00","214,00"
03-02-2022,"212,00","216,00"
02-02-2022,"212,50","216,50"
01-02-2022,"210,00","214,00"
31-01-2022,"209,00","213,00"
28-01-2022,"208,50","212,50"
27-01-2022,"218,50","222,50"
26-01-2022,"217,00","221,00"
25-01-2022,"215,50","219,50"
24-01-2022,"215,00","219,00"
21-01-2022,"215,00","219,00"
20-01-2022,"210,00","214,00"
19-01-2022,"209,00","213,00"
18-01-2022,"207,00","211,00"
17-01-2022,"205,00","209,00"
14-01-2022,"205,50","209,50"
13-01-2022,"205,50","209,50"
12-01-2022,"204,50","208,50"
11-01-2022,"205,00","209,00"
10-01-2022,"202,00","206,00"
07-01-2022,"204,00","208,00"
06-01-2022,"204,50","208,50"
05-01-2022,"203,50","207,50"
04-01-2022,"202,50","206,50"
03-01-2022,"202,00","206,00"
30-12-2021,"204,00","208,00"
29-12-2021,"205,00","209,00"
28-12-2021,"202,00","206,00"
27-12-2021,"199,50","203,50"
23-12-2021,"200,00","204,00"
22-12-2021,"196,50","200,50"
21-12-2021,"195,00","199,00"
20-12-2021,"196,00","200,00"
17-12-2021,"196,00","200,00"
16-12-2021,"194,50","198,50"
15-12-2021,"194,50","198,50"
14-12-2021,"192,50","196,50"
13-12-2021,"191,50","195,50"
10-12-2021,"192,50","196,50"
09-12-2021,"192,00","196,00"
07-12-2021,"194,00","198,00"
06-12-2021,"195,00","199,00"
03-12-2021,"196,50","200,50"
02-12-2021,"196,50","200,50"
01-12-2021,"196,50","200,50"
30-11-2021,"197,50","201,50"
29-11-2021,"197,00","201,00"
26-11-2021,"197,00","201,00"
25-11-2021,"197,00","201,00"
24-11-2021,"196,50","200,50"
23-11-2021,"197,00","201,00"
19-11-2021,"197,50","201,50"
18-11-2021,"197,00","201,00"
17-11-2021,"197,50","201,50"
16-11-2021,"196,50","200,50"
15-11-2021,"195,50","199,50"
12-11-2021,"196,00","200,00"
11-11-2021,"202,50","206,50"
10-11-2021,"201,00","205,00"
09-11-2021,"195,50","199,50"
08-11-2021,"195,00","199,00"
05-11-2021,"195,00","199,00"
04-11-2021,"195,00","199,00"
03-11-2021,"195,00","199,00"
02-11-2021,"193,50","197,50"
01-11-2021,"192,50","196,50"
29-10-2021,"193,50","197,50"
28-10-2021,"194,00","198,00"
27-10-2021,"193,00","197,00"
26-10-2021,"192,00","196,00"
25-10-2021,"190,00","194,00"
22-10-2021,"191,00","195,00"
21-10-2021,"187,00","191,00"
20-10-2021,"184,00","188,00"
19-10-2021,"183,00","187,00"
18-10-2021,"181,50","185,50"
15-10-2021,"182,50","186,50"
14-10-2021,"181,50","185,50"
13-10-2021,"181,00","185,00"
12-10-2021,"181,00","185,00"
07-10-2021,"180,50","184,50"
06-10-2021,"181,50","185,50"
05-10-2021,"181,00","185,00"
04-10-2021,"181,00","185,00"
01-10-2021,"182,00","186,00"
30-09-2021,"182,00","186,00"
29-09-2021,"183,00","187,00"
28-09-2021,"183,00","187,00"
27-09-2021,"182,50","186,50"
24-09-2021,"182,00","186,00"
23-09-2021,"181,00","185,00"
22-09-2021,"181,00","185,00"
21-09-2021,"180,00","184,00"
20-09-2021,"180,00","184,00"
17-09-2021,"181,00","185,00"
16-09-2021,"182,00","186,00"
15-09-2021,"181,00","185,00"
14-09-2021,"178,50","182,50"
13-09-2021,"177,00","181,00"
10-09-2021,"181,00","185,00"
09-09-2021,"182,50","186,50"
08-09-2021,"183,00","187,00"
07-09-2021,"179,50","183,50"
06-09-2021,"178,00","182,00"
03-09-2021,"177,00","182,00"
02-09-2021,"176,00","181,00"
01-09-2021,"175,50","180,50"
31-08-2021,"176,50","181,50"
31-08-2021,"176,50","181,50"
31-08-2021,"176,50","181,50"
31-08-2021,"176,50","181,50"
31-08-2021,"176,50","181,50"
31-08-2021,"177,00","182,00"
31-08-2021,"177,00","182,00"
30-08-2021,"177,00","182,00"
27-08-2021,"177,00","182,00"
26-08-2021,"176,50","181,50"
25-08-2021,"176,50","181,50"
24-08-2021,"177,00","182,00"
23-08-2021,"177,00","182,00"
20-08-2021,"177,00","182,00"
19-08-2021,"176,50","181,50"
18-08-2021,"177,00","182,00"
17-08-2021,"178,00","183,00"
13-08-2021,"177,00","182,00"
12-08-2021,"173,50","178,50"
11-08-2021,"173,00","178,00"
10-08-2021,"173,00","178,00"
09-08-2021,"174,00","179,00"
06-08-2021,"173,50","178,50"
05-08-2021,"174,50","179,50"
05-08-2021,"175,50","180,50"
05-08-2021,"175,50","180,50"
04-08-2021,"175,50","180,50"
03-08-2021,"175,50","180,50"
03-08-2021,"175,50","180,50"
02-08-2021,"175,50","180,50"
02-08-2021,"175,50","180,50"
02-08-2021,"175,50","180,50"
02-08-2021,"175,50","180,50"
30-07-2021,"175,50","180,50"
29-07-2021,"175,00","180,00"
28-07-2021,"175,00","180,00"
27-07-2021,"178,00","183,00"
26-07-2021,"179,00","184,00"
26-07-2021,"180,00","185,00"
23-07-2021,"180,00","185,00"
23-07-2021,"179,50","184,50"
22-07-2021,"179,50","184,50"
21-07-2021,"177,50","182,50"
20-07-2021,"177,00","182,00"
19-07-2021,"175,00","180,00"
16-07-2021,"174,00","179,00"
15-07-2021,"173,00","178,00"
14-07-2021,"172,00","177,00"
13-07-2021,"171,00","176,00"
12-07-2021,"172,00","177,00"
08-07-2021,"169,00","174,00"
07-07-2021,"167,00","172,00"
06-07-2021,"166,00","171,00"
05-07-2021,"166,00","171,00"
02-07-2021,"165,00","170,00"
01-07-2021,"164,00","169,00"
30-06-2021,"163,00","168,00"
29-06-2021,"165,00","170,00"
28-06-2021,"168,00","173,00"
25-06-2021,"169,00","174,00"
24-06-2021,"165,00","170,00"
23-06-2021,"161,00","166,00"
22-06-2021,"160,00","165,00"
18-06-2021,"159,00","164,00"
17-06-2021,"158,00","163,00"
16-06-2021,"158,00","163,00"
15-06-2021,"155,00","160,00"
14-06-2021,"153,00","158,00"
11-06-2021,"153,00","158,00"
10-06-2021,"152,00","157,00"
09-06-2021,"151,00","156,00"
08-06-2021,"151,00","156,00"
07-06-2021,"152,00","157,00"
04-06-2021,"152,00","157,00"
03-06-2021,"151,00","156,00"
02-06-2021,"151,00","156,00"
01-06-2021,"150,00","155,00"
31-05-2021,"152,00","157,00"
28-05-2021,"152,00","157,00"
27-05-2021,"152,00","157,00"
26-05-2021,"150,00","155,00"
24-05-2021,"148,00","153,00"
21-05-2021,"148,00","153,00"
20-05-2021,"149,00","155,00"
19-05-2021,"150,00","156,00"
18-05-2021,"151,00","156,00"
17-05-2021,"148,00","153,00"
14-05-2021,"148,00","153,00"
13-05-2021,"146,00","151,00"
12-05-2021,"147,00","152,00"
11-05-2021,"146,00","151,00"
10-05-2021,"147,00","152,00"
07-05-2021,"145,00","151,00"
06-05-2021,"145,00","151,00"
05-05-2021,"146,00","151,00"
04-05-2021,"149,00","154,00"
03-05-2021,"148,00","153,00"
30-04-2021,"145,00","150,00"
29-04-2021,"149,00","154,00"
28-04-2021,"157,00","162,00"
27-04-2021,"156,00","161,00"
26-04-2021,"153,00","158,00"
23-04-2021,"147,00","152,00"
22-04-2021,"142,00","147,00"
21-04-2021,"139,00","144,00"
20-04-2021,"138,00","143,00"
19-04-2021,"138,00","143,00"
16-04-2021,"137,00","142,00"
15-04-2021,"138,00","143,00"
14-04-2021,"138,00","143,00"
13-04-2021,"137,00","142,00"
12-04-2021,"137,00","142,00"
09-04-2021,"135,00","140,00"
08-04-2021,"135,00","140,00"
07-04-2021,"134,00","139,00"
06-04-2021,"135,00","140,00"
05-04-2021,"135,00","140,00"
31-03-2021,"136,00","141,00"
30-03-2021,"136,00","141,00"
29-03-2021,"137,00","142,00"
26-03-2021,"137,00","142,00"
25-03-2021,"138,00","143,00"
23-03-2021,"138,00","143,00"
22-03-2021,"138,00","143,00"
22-03-2021,"138,00","143,00"
22-03-2021,"139,00","144,00"
19-03-2021,"139,00","144,00"
18-03-2021,"139,00","144,00"
17-03-2021,"139,00","144,00"
16-03-2021,"139,00","144,00"
15-03-2021,"141,00","146,00"
12-03-2021,"137,00","142,00"
11-03-2021,"135,00","140,00"
10-03-2021,"138,00","143,00"
09-03-2021,"139,00","144,00"
08-03-2021,"139,00","144,00"
05-03-2021,"139,00","144,00"
04-03-2021,"139,00","144,00"
03-03-2021,"140,00","145,00"
02-03-2021,"140,00","145,00"
01-03-2021,"142,00","147,00"
01-03-2021,"141,00","146,00"
01-03-2021,"141,00","146,00"
26-02-2021,"141,00","146,00"
25-02-2021,"138,00","143,00"
24-02-2021,"140,00","145,00"
23-02-2021,"141,00","146,00"
22-02-2021,"142,00","147,00"
19-02-2021,"142,00","147,00"
18-02-2021,"148,00","148,00"
17-02-2021,"144,00","149,00"
12-02-2021,"145,00","150,00"
11-02-2021,"144,00","149,00"
10-02-2021,"146,00","151,00"
09-02-2021,"147,00","152,00"
08-02-2021,"146,00","151,00"
08-02-2021,"146,00","151,00"
08-02-2021,"146,00","151,00"
08-02-2021,"146,00","151,00"
05-02-2021,"146,00","151,00"
04-02-2021,"145,00","150,00"
03-02-2021,"148,00","153,00"
02-02-2021,"148,00","153,00"
01-02-2021,"148,00","153,00"
29-01-2021,"148,00","153,00"
28-01-2021,"149,00","154,00"
27-01-2021,"149,00","154,00"
26-01-2021,"151,00","156,00"
25-01-2021,"151,00","156,00"
22-01-2021,"151,00","156,00"
22-01-2021,"151,00","156,00"
21-01-2021,"151,00","156,00"
20-01-2021,"151,00","156,00"
19-01-2021,"152,00","157,00"
15-01-2021,"153,00","159,00"
14-01-2021,"153,00","159,00"
13-01-2021,"154,00","160,00"
12-01-2021,"153,00","159,00"
11-01-2021,"153,00","159,00"
08-01-2021,"155,00","161,00"
07-01-2021,"156,00","162,00"
06-01-2021,"154,00","160,00"
05-01-2021,"154,00","160,00"
04-01-2021,"159,00","165,00"
30-12-2020,"160,00","166,00"
29-12-2020,"159,00","165,00"
28-12-2020,"158,00","164,00"
23-12-2020,"153,00","159,00"
22-12-2020,"146,00","152,00"
22-12-2020,"145,00","151,00"
21-12-2020,"144,00","150,00"
18-12-2020,"144,00","150,00"
17-12-2020,"143,00","149,00"
16-12-2020,"144,00","150,00"
15-12-2020,"145,00","151,00"
14-12-2020,"145,00","151,00"
11-12-2020,"142,00","148,00"
10-12-2020,"140,00","146,00"
09-12-2020,"143,00","149,00"
04-12-2020,"144,00","150,00"
03-12-2020,"145,00","151,00"
02-12-2020,"147,00","153,00"
01-12-2020,"147,00","153,00"
30-11-2020,"149,00","155,00"
27-11-2020,"150,00","156,00"
26-11-2020,"151,00","157,00"
25-11-2020,"152,00","158,00"
24-11-2020,"154,00","160,00"
20-11-2020,"155,00","161,00"
19-11-2020,"157,00","163,00"
18-11-2020,"158,00","164,00"
17-11-2020,"157,00","163,00"
16-11-2020,"156,00","162,00"
13-11-2020,"166,00","172,00"
12-11-2020,"161,00","167,00"
11-11-2020,"156,00","162,00"
10-11-2020,"143,00","149,00"
09-11-2020,"145,00","151,00"
06-11-2020,"151,00","157,00"
05-11-2020,"151,00","157,00"
04-11-2020,"155,00","161,00"
03-11-2020,"159,00","165,00"
02-11-2020,"162,00","168,00"
30-10-2020,"163,00","169,00"
29-10-2020,"169,00","175,00"
28-10-2020,"172,00","178,00"
27-10-2020,"175,00","181,00"
26-10-2020,"184,00","190,00"
23-10-2020,"189,00","195,00"
22-10-2020,"184,00","190,00"
21-10-2020,"177,00","183,00"
20-10-2020,"174,00","180,00"
19-10-2020,"175,00","181,00"
16-10-2020,"172,00","178,00"
15-10-2020,"165,00","171,00"
14-10-2020,"161,00","167,00"
13-10-2020,"160,00","166,00"
09-10-2020,"161,00","167,00"
08-10-2020,"152,00","158,00"
07-10-2020,"149,00","155,00"
06-10-2020,"146,00","152,00"
05-10-2020,"144,00","150,00"
02-10-2020,"144,00","150,00"
01-10-2020,"141,00","147,00"
30-09-2020,"140,00","146,00"
29-09-2020,"140,00","146,00"
28-09-2020,"139,00","145,00"
25-09-2020,"139,00","145,00"
24-09-2020,"141,00","147,00"
23-09-2020,"139,00","145,00"
22-09-2020,"138,00","144,00"
21-09-2020,"135,00","141,00"
18-09-2020,"134,00","140,00"
17-09-2020,"135,00","141,00"
16-09-2020,"135,00","145,00"
15-09-2020,"127,00","131,00"
14-09-2020,"128,00","132,00"
11-09-2020,"127,00","131,00"
10-09-2020,"127,00","131,00"
09-09-2020,"127,00","131,00"
08-09-2020,"127,00","131,00"
07-09-2020,"127,00","131,00"
04-09-2020,"128,00","132,00"
03-09-2020,"130,00","134,00"
02-09-2020,"129,00","133,00"
01-09-2020,"129,00","133,00"
31-08-2020,"131,00","135,00"
28-08-2020,"132,00","136,00"
27-08-2020,"134,00","138,00"
26-08-2020,"133,00","137,00"
25-08-2020,"133,00","137,00"
24-08-2020,"133,00","137,00"
21-08-2020,"134,00","138,00"
20-08-2020,"131,00","136,00"
19-08-2020,"129,00","134,00"
18-08-2020,"127,00","132,00"
17-08-2020,"127,00","132,00"
14-08-2020,"127,00","132,00"
13-08-2020,"128,00","133,00"
12-08-2020,"127,00","132,00"
11-08-2020,"126,00","131,00"
10-08-2020,"126,00","131,00"
07-08-2020,"128,00","133,00"
07-08-2020,"127,00","132,00"
07-08-2020,"127,00","132,00"
07-08-2020,"127,00","132,00"
06-08-2020,"127,00","132,00"
06-08-2020,"125,00","130,00"
05-08-2020,"124,00","129,00"
04-08-2020,"123,00","128,00"
03-08-2020,"131,00","136,00"
31-07-2020,"131,00","136,00"
30-07-2020,"131,00","136,00"
29-07-2020,"130,00","135,00"
28-07-2020,"130,00","135,00"
27-07-2020,"131,00","136,00"
24-07-2020,"134,00","139,00"
23-07-2020,"131,00","136,00"
22-07-2020,"128,00","133,00"
21-07-2020,"127,00","132,00"
20-07-2020,"125,00","130,00"
17-07-2020,"125,00","130,00"
16-07-2020,"120,00","130,00"
15-07-2020,"117,00","127,00"
14-07-2020,"117,00","127,00"
13-07-2020,"117,00","127,00"
10-07-2020,"117,00","127,00"
10-07-2020,"117,00","127,00"
08-07-2020,"117,00","127,00"
07-07-2020,"117,00","127,00"
06-07-2020,"117,00","127,00"
03-07-2020,"117,00","127,00"
02-07-2020,"119,00","129,00"
01-07-2020,"118,00","128,00"
30-06-2020,"116,00","126,00"
29-06-2020,"119,00","129,00"
26-06-2020,"119,00","129,00"
25-06-2020,"118,00","128,00"
24-06-2020,"118,00","128,00"
23-06-2020,"117,00","127,00"
22-06-2020,"117,00","127,00"
19-06-2020,"118,00","128,00"
18-06-2020,"117,00","127,00"
17-06-2020,"114,00","124,00"
16-06-2020,"115,00","125,00"
12-06-2020,"116,00","126,00"
11-06-2020,"113,00","123,00"
10-06-2020,"114,00","124,00"
09-06-2020,"114,00","124,00"
08-06-2020,"115,00","125,00"
05-06-2020,"115,00","125,00"
04-06-2020,"113,00","123,00"
03-06-2020,"113,00","123,00"
02-06-2020,"114,00","124,00"
01-06-2020,"118,00","128,00"
29-05-2020,"115,00","125,00"
28-05-2020,"114,00","124,00"
27-05-2020,"117,00","127,00"
26-05-2020,"119,00","129,00"
22-05-2020,"116,00","126,00"
21-05-2020,"115,00","125,00"
20-05-2020,"114,00","124,00"
19-05-2020,"114,00","124,00"
18-05-2020,"118,00","128,00"
15-05-2020,"128,00","138,00"
14-05-2020,"128,00","138,00"
13-05-2020,"123,00","133,00"
12-05-2020,"117,00","127,00"
11-05-2020,"114,50","124,50"
08-05-2020,"112,00","122,00"
07-05-2020,"112,00","122,00"
06-05-2020,"112,00","122,00"
05-05-2020,"110,00","120,00"
04-05-2020,"110,00","120,00"
30-04-2020,"108,00","118,00"
29-04-2020,"111,00","121,00"
28-04-2020,"110,00","120,00"
27-04-2020,"108,00","118,00"
24-04-2020,"107,00","117,00"
23-04-2020,"110,00","120,00"
22-04-2020,"100,00","110,00"
21-04-2020,"98,00","107,00"
20-04-2020,"96,00","105,00"
17-04-2020,"96,00","105,00"
16-04-2020,"95,00","100,00"
15-04-2020,"90,00","96,00"
14-04-2020,"85,00","90,00"
13-04-2020,"84,25","89,25"
08-04-2020,"80,00","85,00"
07-04-2020,"80,00","85,00"
06-04-2020,"80,00","85,00"
03-04-2020,"78,50","83,50"
02-04-2020,"78,50","83,50"
01-04-2020,"79,50","83,50"
30-03-2020,"78,50","83,50"
27-03-2020,"78,50","83,50"
26-03-2020,"79,50","84,50"
25-03-2020,"79,50","84,50"
20-03-2020,"80,50","85,50"
19-03-2020,"81,50","85,50"
18-03-2020,"84,25","89,25"
17-03-2020,"82,50","86,50"
16-03-2020,"81,00","85,00"
13-03-2020,"79,75","83,75"
12-03-2020,"79,00","83,00"
11-03-2020,"76,00","80,00"
10-03-2020,"75,75","79,75"
09-03-2020,"75,50","79,50"
06-03-2020,"74,50","78,50"
05-03-2020,"74,50","78,50"
04-03-2020,"74,50","78,50"
03-03-2020,"74,50","78,50"
02-03-2020,"74,50","78,50"
28-02-2020,"74,50","78,50"
27-02-2020,"74,50","78,50"
26-02-2020,"74,70","78,70"
21-02-2020,"74,80","78,80"
20-02-2020,"74,80","78,80"
19-02-2020,"74,90","78,90"
18-02-2020,"74,70","78,70"
17-02-2020,"74,00","78,00"
14-02-2020,"73,90","77,90"
13-02-2020,"74,90","78,90"
12-02-2020,"74,25","78,25"
11-02-2020,"73,50","77,50"
10-02-2020,"73,00","77,00"
07-02-2020,"73,50","77,50"
06-02-2020,"73,50","77,50"
05-02-2020,"74,00","78,00"
04-02-2020,"74,00","78,00"
03-02-2020,"74,00","78,00"
31-01-2020,"74,00","78,00"
30-01-2020,"74,00","78,00"
29-01-2020,"74,25","78,25"
28-01-2020,"74,25","78,25"
27-01-2020,"74,00","78,00"
24-01-2020,"74,50","78,50"
23-01-2020,"73,75","77,75"
22-01-2020,"73,75","77,75"
21-01-2020,"73,50","77,50"
20-01-2020,"74,00","78,00"
17-01-2020,"73,75","77,75"
16-01-2020,"73,75","77,75"
15-01-2020,"74,00","78,00"
14-01-2020,"73,50","77,50"
13-01-2020,"71,50","76,50"
10-01-2020,"71,50","76,50"
09-01-2020,"71,50","76,50"
08-01-2020,"71,50","76,50"
07-01-2020,"71,25","76,25"
06-01-2020,"72,25","77,25"
03-01-2020,"72,00","77,00"
02-01-2020,"72,00","77,00"
30-12-2019,"73,50","78,50"
27-12-2019,"73,50","78,50"
26-12-2019,"75,00","80,00"
23-12-2019,"71,75","76,75"
20-12-2019,"70,00","75,00"
19-12-2019,"72,75","75,75"
18-12-2019,"72,00","76,00"
17-12-2019,"69,00","74,00"
16-12-2019,"68,50","72,50"
13-12-2019,"61,75","66,75"
12-12-2019,"62,50","66,50"
11-12-2019,"64,50","68,50"
10-12-2019,"65,50","69,50"
09-12-2019,"66,00","70,00"
06-12-2019,"68,00","71,00"
05-12-2019,"66,00","70,00"
04-12-2019,"65,00","69,00"
03-12-2019,"64,50","68,50"
02-12-2019,"64,25","68,25"
29-11-2019,"66,25","69,25"
28-11-2019,"66,75","69,75"
27-11-2019,"66,25","69,25"
26-11-2019,"65,25","68,25"
25-11-2019,"65,00","68,00"
22-11-2019,"65,50","68,50"
21-11-2019,"63,75","66,75"
20-11-2019,"63,75","66,75"
19-11-2019,"63,50","66,50"
15-11-2019,"63,75","66,75"
14-11-2019,"63,75","66,75"
13-11-2019,"63,75","66,75"
12-11-2019,"62,50","65,50"
11-11-2019,"61,50","64,50"
08-11-2019,"62,25","65,25"
07-11-2019,"61,00","64,00"
06-11-2019,"62,00","65,00"
05-11-2019,"61,50","64,50"
04-11-2019,"62,50","65,50"
01-11-2019,"64,50","67,50"
31-10-2019,"66,00","69,00"
30-10-2019,"64,00","67,00"
29-10-2019,"64,00","67,00"
28-10-2019,"71,00","74,00"
25-10-2019,"72,75","75,75"
24-10-2019,"66,75","69,75"
23-10-2019,"66,75","69,75"
22-10-2019,"64,25","67,25"
21-10-2019,"63,25","66,25"
18-10-2019,"62,25","65,25"
17-10-2019,"64,50","67,50"
16-10-2019,"62,50","64,50"
15-10-2019,"61,50","63,50"
11-10-2019,"61,50","63,50"
10-10-2019,"61,00","63,00"
09-10-2019,"59,75","61,75"
08-10-2019,"57,50","61,50"
07-10-2019,"58,25","61,25"
04-10-2019,"58,25","61,25"
03-10-2019,"58,00","61,00"
02-10-2019,"58,50","61,50"
01-10-2019,"57,75","60,75"
30-09-2019,"58,25","61,25"
27-09-2019,"58,50","61,50"
26-09-2019,"59,00","62,00"
25-09-2019,"58,75","61,75"
24-09-2019,"58,75","61,75"
23-09-2019,"59,25","62,25"
20-09-2019,"58,75","62,75"
19-09-2019,"60,00","63,00"
18-09-2019,"59,75","62,75"
17-09-2019,"59,00","62,00"
16-09-2019,"58,50","61,50"
13-09-2019,"57,50","61,50"
12-09-2019,"55,00","60,00"
11-09-2019,"55,00","59,00"
10-09-2019,"54,50","58,75"
09-09-2019,"55,00","59,00"
06-09-2019,"55,00","59,00"
05-09-2019,"54,00","59,00"
04-09-2019,"54,00","59,00"
03-09-2019,"57,00","61,00"
02-09-2019,"59,50","63,50"
30-08-2019,"60,00","63,00"
29-08-2019,"57,75","60,75"
28-08-2019,"59,50","60,50"
27-08-2019,"56,00","59,00"
26-08-2019,"54,50","57,50"
23-08-2019,"54,00","58,00"
22-08-2019,"54,00","58,00"
21-08-2019,"54,50","58,50"
20-08-2019,"53,00","58,00"
16-08-2019,"55,00","59,00"
15-08-2019,"55,00","59,00"
14-08-2019,"58,50","62,00"
13-08-2019,"53,00","57,00"
12-08-2019,"53,00","57,00"
09-08-2019,"45,40","46,90"
08-08-2019,"45,22","46,72"
07-08-2019,"45,00","46,50"
06-08-2019,"44,90","46,40"
05-08-2019,"45,10","46,60"
02-08-2019,"44,40","45,90"
01-08-2019,"43,93","45,43"
31-07-2019,"43,70","45,20"
30-07-2019,"43,65","45,15"
29-07-2019,"43,65","45,15"
26-07-2019,"43,45","44,95"
25-07-2019,"43,45","44,95"
24-07-2019,"43,10","44,60"
23-07-2019,"42,75","44,25"
22-07-2019,"42,55","44,05"
19-07-2019,"42,45","43,95"
18-07-2019,"42,45","43,95"
17-07-2019,"42,70","44,20"
16-07-2019,"42,95","44,45"
15-07-2019,"42,25","43,75"
12-07-2019,"41,75","43,25"
11-07-2019,"41,70","43,20"
10-07-2019,"41,30","42,80"
05-07-2019,"41,40","42,90"
04-07-2019,"41,40","42,90"
03-07-2019,"41,55","43,05"
02-07-2019,"42,00","43,50"
01-07-2019,"41,95","43,45"
28-06-2019,"42,30","43,80"
27-06-2019,"42,70","44,20"
26-06-2019,"42,70","44,20"
25-06-2019,"42,60","44,10"
24-06-2019,"42,94","44,44"
21-06-2019,"43,00","44,50"
19-06-2019,"43,40","44,90"
18-06-2019,"43,65","45,15"
14-06-2019,"43,70","45,20"
13-06-2019,"43,80","45,30"
12-06-2019,"43,80","45,30"
11-06-2019,"44,00","45,50"
10-06-2019,"44,00","45,50"
07-06-2019,"44,20","45,70"
06-06-2019,"44,15","45,65"
05-06-2019,"44,10","45,60"
04-06-2019,"44,50","46,00"
03-06-2019,"44,60","46,10"
31-05-2019,"44,50","46,00"
30-05-2019,"44,40","45,90"
29-05-2019,"44,70","46,20"
28-05-2019,"44,70","46,20"
27-05-2019,"44,65","46,15"
24-05-2019,"44,65","46,15"
23-05-2019,"44,70","46,20"
22-05-2019,"44,60","46,10"
21-05-2019,"44,75","46,25"
20-05-2019,"44,85","46,35"
17-05-2019,"44,60","46,10"
16-05-2019,"44,50","46,00"
15-05-2019,"44,50","46,00"
14-05-2019,"44,50","46,00"
13-05-2019,"44,50","46,00"
10-05-2019,"44,50","46,00"
09-05-2019,"45,00","46,00"
08-05-2019,"45,00","46,00"
07-05-2019,"45,00","46,00"
06-05-2019,"45,50","46,50"
03-05-2019,"44,55","45,75"
02-05-2019,"45,25","46,25"
30-04-2019,"45,00","46,00"
29-04-2019,"44,07","45,07"
26-04-2019,"45,10","46,10"
25-04-2019,"45,00","46,00"
24-04-2019,"43,50","44,50"
23-04-2019,"43,15","44,15"
22-04-2019,"43,35","44,35"
17-04-2019,"41,40","43,45"
16-04-2019,"42,80","43,80"
15-04-2019,"42,50","43,50"
12-04-2019,"42,65","43,65"
11-04-2019,"43,00","44,00"
10-04-2019,"43,00","44,00"
09-04-2019,"43,00","44,00"
08-04-2019,"43,00","44,00"
05-04-2019,"43,00","44,00"
04-04-2019,"42,65","43,65"
03-04-2019,"42,50","43,50"
01-04-2019,"42,50","43,50"
29-03-2019,"42,65","43,65"
28-03-2019,"41,80","43,80"
27-03-2019,"43,00","44,00"
26-03-2019,"41,55","42,55"
25-03-2019,"40,90","41,90"
22-03-2019,"39,75","41,75"
21-03-2019,"39,25","41,25"
20-03-2019,"40,25","41,25"
19-03-2019,"40,25","41,25"
18-03-2019,"40,00","41,00"
15-03-2019,"39,00","41,00"
14-03-2019,"40,00","41,00"
13-03-2019,"40,50","41,50"
12-03-2019,"40,25","41,25"
11-03-2019,"40,00","41,00"
08-03-2019,"40,00","41,00"
07-03-2019,"41,50","42,50"
06-03-2019,"38,50","40,50"
01-03-2019,"37,00","39,00"
28-02-2019,"38,00","39,00"
27-02-2019,"38,00","39,00"
26-02-2019,"37,25","39,25"
25-02-2019,"36,75","38,75"
22-02-2019,"38,75","38,75"
21-02-2019,"38,25","39,25"
20-02-2019,"38,75","39,75"
19-02-2019,"38,00","39,00"
18-02-2019,"37,75","38,75"
15-02-2019,"37,75","38,75"
14-02-2019,"37,50","38,50"
13-02-2019,"37,25","38,25"
12-02-2019,"37,00","38,00"
11-02-2019,"37,00","38,00"
08-02-2019,"36,50","37,50"
07-02-2019,"36,75","37,75"
06-02-2019,"35,25","37,25"
05-02-2019,"35,30","37,30"
04-02-2019,"35,50","37,50"
01-02-2019,"35,75","37,75"
31-01-2019,"35,50","37,50"
30-01-2019,"36,25","38,25"
29-01-2019,"36,50","38,50"
28-01-2019,"36,25","38,25"
25-01-2019,"36,25","38,25"
24-01-2019,"36,50","38,50"
23-01-2019,"37,00","39,00"
22-01-2019,"36,75","38,75"
21-01-2019,"36,75","38,75"
18-01-2019,"37,00","39,00"
17-01-2019,"37,00","39,00"
16-01-2019,"37,25","39,25"
15-01-2019,"37,25","39,25"
14-01-2019,"37,25","39,00"
11-01-2019,"37,25","39,25"
10-01-2019,"37,25","39,25"
09-01-2019,"37,75","39,75"
08-01-2019,"37,25","39,25"
07-01-2019,"37,50","39,50"
04-01-2019,"38,00","40,00"
03-01-2019,"38,25","40,25"
02-01-2019,"38,50","40,50"
28-12-2018,"38,50","40,50"
27-12-2018,"38,00","40,00"
26-12-2018,"37,75","39,75"
21-12-2018,"37,00","39,00"
20-12-2018,"37,00","39,00"
19-12-2018,"37,00","39,00"
18-12-2018,"36,50","38,50"
17-12-2018,"36,50","38,50"
14-12-2018,"35,65","37,65"
13-12-2018,"35,65","37,65"
12-12-2018,"35,50","37,50"
11-12-2018,"35,50","37,50"
10-12-2018,"35,50","37,50"
07-12-2018,"35,50","37,50"
06-12-2018,"35,50","37,50"
05-12-2018,"35,00","37,00"
04-12-2018,"35,00","37,00"
03-12-2018,"35,00","37,00"
29-11-2018,"36,00","38,00"
28-11-2018,"36,00","38,00"
27-11-2018,"36,50","38,50"
26-11-2018,"37,00","39,00"
23-11-2018,"35,50","37,50"
22-11-2018,"34,50","36,50"
21-11-2018,"34,30","36,30"
20-11-2018,"34,26","36,26"
16-11-2018,"34,06","36,06"
15-11-2018,"34,09","36,09"
14-11-2018,"34,00","36,00"
13-11-2018,"34,00","36,00"
12-11-2018,"33,25","35,25"
09-11-2018,"33,50","35,50"
08-11-2018,"33,50","35,50"
07-11-2018,"33,50","35,50"
05-11-2018,"33,60","35,60"
02-11-2018,"34,25","36,25"
01-11-2018,"34,25","36,25"
31-10-2018,"34,50","36,50"
30-10-2018,"35,00","37,00"
29-10-2018,"35,00","37,00"
26-10-2018,"35,25","37,25"
25-10-2018,"35,20","37,20"
24-10-2018,"35,20","37,20"
23-10-2018,"35,30","37,30"
22-10-2018,"35,25","37,25"
19-10-2018,"35,75","37,75"
18-10-2018,"35,75","37,75"
17-10-2018,"35,70","37,70"
16-10-2018,"35,70","37,80"
12-10-2018,"35,80","37,80"
11-10-2018,"36,00","38,00"
10-10-2018,"36,00","38,00"
09-10-2018,"36,00","38,00"
08-10-2018,"36,00","38,00"
05-10-2018,"36,50","38,50"
04-10-2018,"36,80","38,80"
03-10-2018,"37,00","39,00"
02-10-2018,"36,50","38,50"
01-10-2018,"38,00","40,00"
28-09-2018,"39,30","41,30"
27-09-2018,"39,00","40,50"
26-09-2018,"37,75","39,25"
25-09-2018,"38,50","40,00"
24-09-2018,"36,75","38,25"
21-09-2018,"36,75","38,25"
20-09-2018,"37,50","39,00"
19-09-2018,"38,00","39,50"
18-09-2018,"38,00","39,75"
17-09-2018,"38,35","40,35"
14-09-2018,"38,00","40,00"
13-09-2018,"38,00","39,50"
12-09-2018,"37,00","38,50"
11-09-2018,"36,50","38,25"
10-09-2018,"35,70","37,70"
07-09-2018,"36,50","37,50"
06-09-2018,"36,60","38,60"
05-09-2018,"37,20","39,20"
04-09-2018,"38,00","40,00"
03-09-2018,"36,70","38,70"
31-08-2018,"36,00","38,00"
30-08-2018,"38,50","40,00"
29-08-2018,"34,00","35,00"
28-08-2018,"32,00","33,00"
27-08-2018,"31,20","32,20"
24-08-2018,"30,35","31,35"
23-08-2018,"29,95","30,95"
22-08-2018,"29,80","30,80"
21-08-2018,"29,50","30,50"
17-08-2018,"29,20","30,20"
16-08-2018,"29,10","30,10"
15-08-2018,"29,50","30,50"
14-08-2018,"29,50","30,50"
13-08-2018,"29,50","30,50"
10-08-2018,"28,50","29,50"
09-08-2018,"27,50","28,50"
08-08-2018,"27,30","28,30"
07-08-2018,"27,30","28,30"
06-08-2018,"27,30","28,30"
03-08-2018,"27,35","28,35"
02-08-2018,"27,40","28,40"
01-08-2018,"27,45","28,45"
31-07-2018,"27,45","28,45"
30-07-2018,"27,65","28,65"
27-07-2018,"27,70","28,70"
26-07-2018,"27,70","28,70"
25-07-2018,"27,70","28,70"
24-07-2018,"27,70","28,70"
23-07-2018,"27,80","28,80"
20-07-2018,"27,90","28,90"
19-07-2018,"27,65","28,65"
18-07-2018,"27,65","28,65"
17-07-2018,"27,80","28,80"
16-07-2018,"27,85","28,85"
13-07-2018,"27,68","28,68"
12-07-2018,"27,40","28,40"
11-07-2018,"27,50","28,50"
10-07-2018,"27,50","28,50"
06-07-2018,"27,90","28,90"
05-07-2018,"27,90","28,90"
04-07-2018,"27,97","28,95"
03-07-2018,"28,00","29,00"
02-07-2018,"28,30","29,30"
29-06-2018,"28,40","29,40"
28-06-2018,"27,50","28,50"
27-06-2018,"27,30","28,30"
26-06-2018,"27,30","28,30"
25-06-2018,"27,30","28,30"
22-06-2018,"27,10","28,10"
21-06-2018,"27,50","28,50"
19-06-2018,"27,50","28,50"
18-06-2018,"27,50","28,50"
15-06-2018,"27,70","28,70"
14-06-2018,"27,20","28,70"
13-06-2018,"26,00","27,00"
12-06-2018,"25,70","26,70"
11-06-2018,"25,50","26,30"
08-06-2018,"25,20","26,20"
07-06-2018,"24,85","25,65"
06-06-2018,"24,75","25,55"
05-06-2018,"25,10","25,90"
04-06-2018,"25,20","26,00"
01-06-2018,"25,20","26,00"
31-05-2018,"25,17","25,97"
30-05-2018,"25,10","25,90"
29-05-2018,"25,05","25,85"
28-05-2018,"25,05","25,85"
24-05-2018,"24,80","25,75"
23-05-2018,"24,49","25,49"
22-05-2018,"24,40","25,40"
21-05-2018,"24,40","25,40"
18-05-2018,"24,60","25,40"
17-05-2018,"24,60","25,20"
16-05-2018,"24,20","25,00"
15-05-2018,"24,00","24,80"
14-05-2018,"25,80","26,80"
11-05-2018,"23,65","24,25"
10-05-2018,"22,95","23,55"
09-05-2018,"22,90","23,50"
08-05-2018,"22,40","23,00"
07-05-2018,"21,90","22,50"
04-05-2018,"21,80","22,20"
03-05-2018,"23,10","23,50"
02-05-2018,"21,10","21,50"
27-04-2018,"20,60","21,00"
26-04-2018,"20,45","20,85"
25-04-2018,"20,16","20,56"
24-04-2018,"20,19","20,59"
23-04-2018,"20,17","20,57"
20-04-2018,"20,18","20,58"
19-04-2018,"20,15","20,55"
18-04-2018,"20,23","20,63"
17-04-2018,"20,30","20,70"
16-04-2018,"20,30","20,70"
13-04-2018,"20,30","20,70"
12-04-2018,"20,30","20,70"
11-04-2018,"20,30","20,70"
10-04-2018,"20,21","20,61"
09-04-2018,"20,21","20,61"
06-04-2018,"20,24","20,64"
05-04-2018,"20,25","20,65"
04-04-2018,"20,20","20,60"
03-04-2018,"20,42","20,82"
28-03-2018,"20,36","20,76"
27-03-2018,"20,36","20,76"
26-03-2018,"20,48","20,88"
23-03-2018,"20,54","20,94"
22-03-2018,"20,50","20,90"
21-03-2018,"20,58","20,98"
20-03-2018,"20,57","20,97"
19-03-2018,"20,52","20,92"
16-03-2018,"20,49","20,89"
15-03-2018,"20,42","20,82"
14-03-2018,"20,35","20,75"
13-03-2018,"20,27","20,67"
12-03-2018,"20,20","20,60"
09-03-2018,"20,21","20,61"
08-03-2018,"20,25","20,65"
07-03-2018,"20,28","20,68"
06-03-2018,"20,25","20,65"
05-03-2018,"20,15","20,55"
02-03-2018,"20,10","20,50"
01-03-2018,"20,00","20,40"
28-02-2018,"19,95","20,35"
27-02-2018,"20,00","20,40"
26-02-2018,"20,00","20,40"
23-02-2018,"19,95","20,35"
22-02-2018,"19,91","20,31"
21-02-2018,"19,80","20,30"
20-02-2018,"19,76","20,16"
19-02-2018,"19,83","20,23"
16-02-2018,"19,75","20,15"
15-02-2018,"18,72","20,12"
14-02-2018,"19,80","20,20"
09-02-2018,"19,83","20,23"
08-02-2018,"19,53","19,93"
07-02-2018,"19,45","19,85"
06-02-2018,"19,49","19,89"
05-02-2018,"19,52","19,92"
02-02-2018,"19,52","19,92"
01-02-2018,"19,53","19,93"
31-01-2018,"19,55","19,95"
30-01-2018,"19,64","20,04"
29-01-2018,"19,63","20,03"
26-01-2018,"19,58","19,98"
25-01-2018,"19,56","19,96"
24-01-2018,"19,63","20,03"
23-01-2018,"19,48","19,88"
22-01-2018,"19,40","19,80"
19-01-2018,"19,29","19,69"
18-01-2018,"19,24","19,64"
17-01-2018,"19,22","19,62"
16-01-2018,"19,20","19,60"
15-01-2018,"19,21","19,61"
12-01-2018,"19,14","19,54"
11-01-2018,"19,01","19,41"
10-01-2018,"18,92","19,32"
09-01-2018,"19,14","19,54"
08-01-2018,"19,18","19,58"
05-01-2018,"19,05","19,45"
04-01-2018,"19,01","19,41"
03-01-2018,"18,89","19,29"
02-01-2018,"18,85","19,25"
29-12-2017,"18,88","19,28"
28-12-2017,"19,15","19,55"
27-12-2017,"18,65","19,05"
26-12-2017,"18,50","18,90"
22-12-2017,"18,07","18,47"
21-12-2017,"17,83","18,23"
20-12-2017,"17,66","18,06"
19-12-2017,"17,74","18,14"
18-12-2017,"17,85","18,25"
15-12-2017,"17,69","18,09"
14-12-2017,"17,56","17,96"
13-12-2017,"17,43","17,93"
12-12-2017,"17,55","17,95"
11-12-2017,"17,53","17,93"
07-12-2017,"17,48","17,88"
06-12-2017,"17,55","17,95"
05-12-2017,"17,56","17,96"
04-12-2017,"17,67","18,07"
01-12-2017,"17,61","18,01"
30-11-2017,"17,56","17,96"
29-11-2017,"17,72","18,12"
28-11-2017,"17,74","18,14"
27-11-2017,"17,71","18,11"
24-11-2017,"17,77","18,07"
23-11-2017,"17,70","18,10"
22-11-2017,"17,74","18,14"
21-11-2017,"17,72","18,12"
17-11-2017,"17,69","18,09"
16-11-2017,"17,66","18,06"
15-11-2017,"17,66","18,06"
14-11-2017,"17,67","18,07"
13-11-2017,"17,68","18,08"
10-11-2017,"17,58","17,98"
09-11-2017,"17,55","17,95"
08-11-2017,"17,50","17,90"
07-11-2017,"17,60","18,00"
03-11-2017,"17,61","18,01"
02-11-2017,"17,63","18,03"
01-11-2017,"17,63","18,03"
31-10-2017,"17,70","18,10"
30-10-2017,"17,75","18,15"
27-10-2017,"17,72","18,12"
26-10-2017,"17,68","18,08"
25-10-2017,"17,70","18,10"
24-10-2017,"17,74","18,14"
23-10-2017,"17,67","18,07"
20-10-2017,"17,61","18,01"
19-10-2017,"17,58","17,98"
18-10-2017,"17,65","18,05"
17-10-2017,"17,62","18,02"
13-10-2017,"17,50","17,90"
12-10-2017,"17,49","17,89"
11-10-2017,"17,45","17,85"
10-10-2017,"17,46","17,86"
09-10-2017,"17,47","17,87"
06-10-2017,"17,41","17,78"
05-10-2017,"17,40","17,80"
04-10-2017,"17,42","17,82"
03-10-2017,"17,50","17,90"
02-10-2017,"17,56","17,96"
29-09-2017,"17,51","17,91"
28-09-2017,"17,57","17,97"
27-09-2017,"17,59","17,99"
26-09-2017,"17,65","18,05"
25-09-2017,"17,57","17,97"
22-09-2017,"17,55","17,95"
21-09-2017,"17,55","17,95"
20-09-2017,"17,57","17,97"
19-09-2017,"17,55","17,95"
18-09-2017,"17,52","17,92"
15-09-2017,"17,44","17,84"
14-09-2017,"17,46","17,86"
13-09-2017,"17,45","17,85"
12-09-2017,"17,48","17,88"
11-09-2017,"17,54","17,94"
08-09-2017,"17,48","17,88"
07-09-2017,"17,43","17,83"
06-09-2017,"17,55","17,95"
05-09-2017,"17,59","17,99"
04-09-2017,"17,70","18,10"
01-09-2017,"17,75","18,15"
31-08-2017,"17,83","18,23"
30-08-2017,"17,86","18,26"
29-08-2017,"17,89","18,29"
28-08-2017,"17,91","18,31"
25-08-2017,"17,88","18,28"
24-08-2017,"17,86","18,26"
23-08-2017,"17,90","18,30"
22-08-2017,"17,92","18,32"
18-08-2017,"17,90","18,30"
17-08-2017,"17,95","18,35"
16-08-2017,"17,90","18,30"
15-08-2017,"17,75","18,15"
14-08-2017,"17,70","18,10"
11-08-2017,"18,08","18,48"
10-08-2017,"18,08","18,48"
09-08-2017,"18,01","18,41"
08-08-2017,"18,00","18,40"
07-08-2017,"17,79","18,19"
04-08-2017,"17,75","18,15"
03-08-2017,"17,78","18,18"
02-08-2017,"17,86","18,26"
01-08-2017,"17,69","18,09"
31-07-2017,"17,65","18,09"
28-07-2017,"18,03","18,43"
27-07-2017,"18,02","18,42"
26-07-2017,"17,87","18,27"
25-07-2017,"17,74","18,14"
24-07-2017,"17,65","18,05"
21-07-2017,"17,56","17,96"
20-07-2017,"17,44","17,84"
19-07-2017,"17,42","17,82"
18-07-2017,"17,44","17,84"
17-07-2017,"17,32","17,72"
14-07-2017,"17,17","17,57"
13-07-2017,"17,20","17,60"
12-07-2017,"17,10","17,50"
11-07-2017,"16,02","17,42"
10-07-2017,"16,90","17,30"
07-07-2017,"16,80","17,20"
06-07-2017,"16,85","17,25"
05-07-2017,"16,81","17,21"
04-07-2017,"16,56","16,96"
03-07-2017,"16,51","16,91"
30-06-2017,"16,44","16,84"
29-06-2017,"16,31","16,71"
28-06-2017,"16,27","16,67"
27-06-2017,"16,32","16,72"
26-06-2017,"16,27","16,67"
23-06-2017,"16,16","16,56"
22-06-2017,"16,13","16,53"
21-06-2017,"16,30","16,70"
19-06-2017,"16,24","16,64"
16-06-2017,"16,13","16,53"
15-06-2017,"16,09","16,49"
14-06-2017,"16,11","16,51"
13-06-2017,"16,01","16,41"
12-06-2017,"16,01","16,41"
09-06-2017,"15,95","16,35"
08-06-2017,"15,94","16,34"
07-06-2017,"15,96","16,36"
06-06-2017,"15,98","16,38"
05-06-2017,"15,94","16,34"
02-06-2017,"15,92","16,32"
01-06-2017,"15,90","16,30"
31-05-2017,"15,99","16,39"
30-05-2017,"16,05","16,45"
29-05-2017,"16,00","16,41"
26-05-2017,"15,94","16,34"
24-05-2017,"15,89","16,29"
23-05-2017,"15,88","16,28"
22-05-2017,"15,82","16,22"
19-05-2017,"15,71","16,11"
18-05-2017,"15,80","16,20"
17-05-2017,"15,66","16,06"
16-05-2017,"15,65","16,05"
15-05-2017,"15,57","15,97"
12-05-2017,"15,53","15,93"
11-05-2017,"15,52","15,92"
10-05-2017,"15,44","15,94"
09-05-2017,"15,55","15,95"
08-05-2017,"15,61","16,01"
05-05-2017,"15,51","15,91"
04-05-2017,"15,51","15,91"
03-05-2017,"15,49","15,89"
02-05-2017,"15,57","15,97"
28-04-2017,"15,59","15,99"
27-04-2017,"15,55","15,95"
26-04-2017,"15,66","16,06"
25-04-2017,"15,70","16,10"
24-04-2017,"15,72","16,12"
21-04-2017,"15,69","16,09"
20-04-2017,"15,69","16,09"
19-04-2017,"15,70","16,10"
18-04-2017,"15,47","15,87"
17-04-2017,"15,51","15,91"
12-04-2017,"15,29","15,69"
11-04-2017,"15,29","15,69"
10-04-2017,"15,23","15,63"
07-04-2017,"15,29","15,69"
06-04-2017,"15,47","15,87"
05-04-2017,"15,47","15,87"
04-04-2017,"15,48","15,88"
03-04-2017,"15,59","15,99"
31-03-2017,"15,58","15,98"
30-03-2017,"15,49","15,89"
29-03-2017,"15,50","15,90"
28-03-2017,"15,67","16,07"
27-03-2017,"15,71","16,11"
23-03-2017,"15,69","16,09"
22-03-2017,"15,68","16,08"
21-03-2017,"15,73","16,13"
20-03-2017,"15,80","16,20"
17-03-2017,"15,67","16,07"
16-03-2017,"15,64","16,04"
15-03-2017,"15,66","16,06"
14-03-2017,"15,67","16,07"
13-03-2017,"15,68","16,08"
10-03-2017,"15,64","16,04"
09-03-2017,"15,62","16,02"
08-03-2017,"15,62","16,02"
07-03-2017,"15,69","16,09"
06-03-2017,"15,70","16,10"
03-03-2017,"15,67","16,07"
02-03-2017,"15,62","16,02"
01-03-2017,"15,84","16,24"
24-02-2017,"15,88","16,28"
23-02-2017,"15,86","16,26"
22-02-2017,"15,95","16,35"
21-02-2017,"16,02","16,42"
20-02-2017,"16,09","16,49"
17-02-2017,"16,08","16,48"
16-02-2017,"15,98","16,28"
15-02-2017,"15,92","16,32"
14-02-2017,"16,01","16,41"
13-02-2017,"16,05","16,45"
10-02-2017,"16,03","16,43"
09-02-2017,"16,03","16,43"
08-02-2017,"16,08","16,48"
07-02-2017,"16,09","16,49"
06-02-2017,"16,08","16,48"
03-02-2017,"16,08","16,48"
02-02-2017,"16,11","16,51"
01-02-2017,"16,21","16,61"
31-01-2017,"16,24","16,64"
30-01-2017,"16,30","16,70"
27-01-2017,"16,40","16,80"
26-01-2017,"16,40","16,80"
25-01-2017,"16,45","16,85"
24-01-2017,"16,47","16,87"
23-01-2017,"16,48","16,88"
20-01-2017,"16,46","16,86"
19-01-2017,"16,49","16,89"
18-01-2017,"16,48","16,88"
17-01-2017,"16,45","16,85"
16-01-2017,"16,41","16,81"
13-01-2017,"16,39","16,79"
12-01-2017,"16,42","16,82"
11-01-2017,"16,41","16,81"
10-01-2017,"16,45","16,85"
09-01-2017,"16,48","16,88"
06-01-2017,"16,46","16,86"
05-01-2017,"16,47","16,87"
04-01-2017,"16,56","16,96"
03-01-2017,"16,71","17,11"
02-01-2017,"16,59","16,99"
30-12-2016,"16,47","16,87"
29-12-2016,"16,55","16,95"
28-12-2016,"16,40","16,80"
27-12-2016,"16,37","16,77"
26-12-2016,"16,45","16,85"
23-12-2016,"16,26","16,66"
22-12-2016,"16,24","16,64"
21-12-2016,"16,18","16,58"
20-12-2016,"16,18","16,58"
19-12-2016,"16,34","16,74"
16-12-2016,"16,29","16,69"
15-12-2016,"16,26","16,66"
14-12-2016,"16,03","16,43"
13-12-2016,"15,96","16,36"
12-12-2016,"15,94","16,34"
07-12-2016,"15,90","16,30"
06-12-2016,"15,68","16,18"
05-12-2016,"15,88","16,28"
02-12-2016,"15,95","16,35"
01-12-2016,"15,85","16,25"
30-11-2016,"15,75","16,15"
29-11-2016,"15,70","16,10"
25-11-2016,"15,69","16,09"
24-11-2016,"15,63","16,03"
23-11-2016,"15,55","15,95"
22-11-2016,"15,42","15,82"
21-11-2016,"15,42","15,82"
18-11-2016,"15,45","15,85"
17-11-2016,"15,40","15,80"
16-11-2016,"15,40","15,80"
15-11-2016,"15,45","15,85"
14-11-2016,"15,50","15,90"
11-11-2016,"15,05","15,45"
10-11-2016,"14,95","15,35"
09-11-2016,"14,98","15,38"
08-11-2016,"15,02","15,42"
07-11-2016,"15,07","15,47"
04-11-2016,"15,02","15,42"
03-11-2016,"14,97","15,37"
02-11-2016,"15,00","15,40"
01-11-2016,"15,03","15,43"
31-10-2016,"15,16","15,56"
28-10-2016,"15,17","15,57"
27-10-2016,"15,10","15,50"
26-10-2016,"15,18","15,58"
25-10-2016,"15,21","15,61"
24-10-2016,"15,22","15,62"
21-10-2016,"15,16","15,56"
20-10-2016,"15,18","15,58"
19-10-2016,"15,23","15,63"
18-10-2016,"15,24","15,64"
17-10-2016,"15,27","15,67"
14-10-2016,"15,20","15,60"
13-10-2016,"15,15","15,55"
12-10-2016,"15,13","15,53"
11-10-2016,"15,19","15,59"
07-10-2016,"15,15","15,55"
06-10-2016,"15,17","15,57"
05-10-2016,"15,20","15,60"
04-10-2016,"15,17","15,57"
03-10-2016,"15,26","15,66"
30-09-2016,"15,31","15,71"
29-09-2016,"15,34","15,74"
28-09-2016,"15,36","15,76"
27-09-2016,"15,38","15,78"
26-09-2016,"15,40","15,80"
23-09-2016,"15,32","15,72"
22-09-2016,"15,30","15,70"
21-09-2016,"15,28","15,68"
20-09-2016,"15,36","15,76"
19-09-2016,"15,20","15,60"
16-09-2016,"15,10","15,50"
15-09-2016,"15,02","15,42"
14-09-2016,"15,01","15,41"
13-09-2016,"14,97","15,37"
12-09-2016,"15,01","15,41"
09-09-2016,"14,98","15,38"
08-09-2016,"14,98","15,38"
07-09-2016,"14,90","15,30"
06-09-2016,"14,96","15,36"
05-09-2016,"14,98","15,38"
02-09-2016,"14,99","15,39"
01-09-2016,"14,88","15,28"
31-08-2016,"15,01","15,41"
30-08-2016,"15,09","15,49"
29-08-2016,"15,11","15,51"
26-08-2016,"15,09","15,49"
25-08-2016,"15,09","15,49"
24-08-2016,"15,11","15,51"
23-08-2016,"15,10","15,50"
22-08-2016,"15,06","15,46"
19-08-2016,"15,02","15,42"
18-08-2016,"15,04","15,44"
17-08-2016,"15,03","15,43"
16-08-2016,"14,97","15,37"
12-08-2016,"14,94","15,34"
11-08-2016,"14,90","15,30"
10-08-2016,"14,90","15,30"
09-08-2016,"14,95","15,35"
08-08-2016,"14,93","15,33"
05-08-2016,"14,84","15,24"
04-08-2016,"14,93","15,33"
03-08-2016,"14,92","15,32"
02-08-2016,"14,94","15,34"
01-08-2016,"15,09","15,49"
29-07-2016,"15,07","15,47"
28-07-2016,"15,12","15,52"
27-07-2016,"15,15","15,55"
26-07-2016,"15,13","15,53"
25-07-2016,"15,17","15,57"
22-07-2016,"15,03","15,43"
21-07-2016,"14,93","15,33"
20-07-2016,"14,97","15,37"
19-07-2016,"14,83","15,23"
18-07-2016,"14,99","15,39"
15-07-2016,"14,86","15,26"
14-07-2016,"14,71","15,11"
13-07-2016,"14,66","15,06"
12-07-2016,"14,69","15,09"
11-07-2016,"14,63","15,03"
07-07-2016,"14,40","14,90"
06-07-2016,"14,51","14,91"
05-07-2016,"14,60","15,00"
04-07-2016,"14,69","15,09"
01-07-2016,"14,65","15,05"
30-06-2016,"14,65","15,05"
29-06-2016,"14,62","15,02"
28-06-2016,"14,62","15,02"
27-06-2016,"14,92","15,32"
24-06-2016,"14,62","15,02"
23-06-2016,"14,35","14,75"
22-06-2016,"14,16","14,56"
21-06-2016,"14,06","14,46"
16-06-2016,"14,02","14,42"
15-06-2016,"14,06","14,46"
14-06-2016,"14,01","14,41"
13-06-2016,"14,01","14,41"
10-06-2016,"13,91","14,31"
09-06-2016,"13,91","14,31"
08-06-2016,"13,83","14,23"
07-06-2016,"13,79","14,19"
06-06-2016,"13,76","14,16"
03-06-2016,"13,88","14,28"
02-06-2016,"13,96","14,36"
01-06-2016,"14,03","14,43"
31-05-2016,"14,11","14,51"
30-05-2016,"14,24","14,64"
27-05-2016,"14,27","14,67"
26-05-2016,"14,27","14,67"
24-05-2016,"14,26","14,66"
23-05-2016,"14,27","14,67"
20-05-2016,"14,27","14,67"
19-05-2016,"14,29","14,69"
18-05-2016,"14,32","14,71"
17-05-2016,"14,26","14,66"
16-05-2016,"14,28","14,68"
13-05-2016,"14,23","14,63"
12-05-2016,"14,30","14,70"
11-05-2016,"14,20","14,60"
10-05-2016,"14,13","14,53"
09-05-2016,"14,13","14,53"
06-05-2016,"14,14","14,54"
05-05-2016,"14,18","14,58"
04-05-2016,"14,27","14,67"
03-05-2016,"14,26","14,66"
02-05-2016,"14,26","14,66"
29-04-2016,"14,26","14,66"
28-04-2016,"14,31","14,71"
27-04-2016,"14,34","14,74"
26-04-2016,"14,39","14,79"
25-04-2016,"14,45","14,85"
22-04-2016,"14,48","14,88"
21-04-2016,"14,40","14,80"
20-04-2016,"14,28","14,68"
19-04-2016,"14,33","14,73"
18-04-2016,"14,41","14,81"
15-04-2016,"14,54","14,94"
14-04-2016,"14,58","14,98"
13-04-2016,"14,52","14,92"
12-04-2016,"14,61","15,01"
11-04-2016,"14,56","14,96"
08-04-2016,"14,51","14,91"
07-04-2016,"14,55","14,95"
06-04-2016,"14,58","14,98"
05-04-2016,"14,70","15,10"
04-04-2016,"14,79","15,19"
01-04-2016,"14,81","15,21"
31-03-2016,"14,86","15,26"
30-03-2016,"14,90","15,30"
29-03-2016,"14,99","15,39"
28-03-2016,"15,03","15,43"
23-03-2016,"14,90","15,30"
22-03-2016,"14,94","15,34"
21-03-2016,"14,99","15,39"
18-03-2016,"15,16","15,56"
17-03-2016,"15,18","15,58"
16-03-2016,"15,02","15,42"
15-03-2016,"14,95","15,35"
14-03-2016,"15,21","15,61"
11-03-2016,"15,20","15,60"
10-03-2016,"15,31","15,71"
09-03-2016,"15,32","15,72"
08-03-2016,"15,34","15,74"
07-03-2016,"15,33","15,73"
04-03-2016,"15,32","15,72"
03-03-2016,"15,31","15,71"
02-03-2016,"15,40","15,90"
01-03-2016,"15,55","15,95"
29-02-2016,"15,21","15,61"
26-02-2016,"15,25","15,65"
25-02-2016,"15,26","15,66"
24-02-2016,"15,18","15,58"
23-02-2016,"15,03","15,43"
22-02-2016,"15,02","15,42"
19-02-2016,"14,93","15,33"
18-02-2016,"14,95","15,35"
17-02-2016,"14,92","15,32"
16-02-2016,"14,68","15,08"
15-02-2016,"14,60","15,00"
12-02-2016,"14,55","14,95"
11-02-2016,"14,26","14,66"
10-02-2016,"14,03","14,43"
05-02-2016,"14,01","14,41"
04-02-2016,"14,00","14,40"
03-02-2016,"13,99","14,39"
02-02-2016,"13,90","14,30"
01-02-2016,"14,00","14,40"
29-01-2016,"13,87","14,27"
28-01-2016,"13,89","14,29"
27-01-2016,"13,97","14,37"
26-01-2016,"13,96","14,36"
25-01-2016,"13,95","14,35"
22-01-2016,"13,95","14,35"
21-01-2016,"13,96","14,36"
20-01-2016,"13,95","14,35"
19-01-2016,"13,97","14,37"
18-01-2016,"13,97","14,37"
15-01-2016,"13,98","14,38"
14-01-2016,"14,01","14,41"
13-01-2016,"14,00","14,40"
12-01-2016,"13,98","14,38"
11-01-2016,"14,04","14,44"
08-01-2016,"14,05","14,45"
07-01-2016,"14,04","14,44"
06-01-2016,"14,03","14,43"
05-01-2016,"14,14","14,29"
04-01-2016,"14,05","14,20"
31-12-2015,"14,17","14,32"
30-12-2015,"14,17","14,32"
29-12-2015,"14,26","14,41"
28-12-2015,"14,17","14,32"
24-12-2015,"13,95","14,10"
23-12-2015,"13,95","14,10"
22-12-2015,"13,77","13,92"
21-12-2015,"13,75","13,90"
18-12-2015,"14,05","14,20"
17-12-2015,"14,21","14,36"
16-12-2015,"14,42","14,57"
15-12-2015,"14,39","14,54"
14-12-2015,"14,54","14,69"
11-12-2015,"14,71","14,86"
10-12-2015,"14,62","14,77"
09-12-2015,"14,58","14,73"
04-12-2015,"14,66","14,81"
03-12-2015,"14,58","14,73"
02-12-2015,"14,65","14,80"
01-12-2015,"14,34","14,49"
30-11-2015,"14,59","14,74"
26-11-2015,"14,81","14,96"
25-11-2015,"14,97","15,12"
24-11-2015,"15,09","15,24"
23-11-2015,"15,04","15,19"
20-11-2015,"14,92","15,07"
19-11-2015,"15,05","15,20"
18-11-2015,"15,26","15,41"
17-11-2015,"15,20","15,35"
16-11-2015,"14,95","15,10"
13-11-2015,"14,90","15,05"
12-11-2015,"15,12","15,27"
11-11-2015,"15,18","15,33"
10-11-2015,"14,55","14,70"
09-11-2015,"14,30","14,45"
05-11-2015,"14,99","15,14"
04-11-2015,"15,31","15,46"
03-11-2015,"15,36","15,51"
02-11-2015,"15,48","15,63"
30-10-2015,"15,60","15,75"
29-10-2015,"15,62","15,77"
28-10-2015,"15,75","15,90"
27-10-2015,"15,70","15,85"
26-10-2015,"15,66","15,81"
23-10-2015,"15,90","16,05"
22-10-2015,"15,88","16,03"
21-10-2015,"15,73","15,88"
20-10-2015,"15,88","16,03"
19-10-2015,"15,96","16,11"
16-10-2015,"15,79","15,94"
15-10-2015,"15,68","15,83"
14-10-2015,"15,67","15,82"
13-10-2015,"15,68","15,83"
09-10-2015,"15,68","15,83"
08-10-2015,"15,62","15,77"
07-10-2015,"15,60","15,75"
06-10-2015,"15,59","15,74"
05-10-2015,"15,65","15,80"
02-10-2015,"15,74","15,89"
01-10-2015,"15,73","15,88"
30-09-2015,"15,84","15,99"
29-09-2015,"15,85","16,00"
28-09-2015,"15,86","16,01"
25-09-2015,"15,91","16,06"
24-09-2015,"15,86","16,01"
23-09-2015,"15,78","15,93"
22-09-2015,"15,79","15,94"
21-09-2015,"15,75","15,90"
18-09-2015,"15,71","15,86"
17-09-2015,"15,76","15,91"
16-09-2015,"15,70","15,85"
15-09-2015,"15,53","15,68"
14-09-2015,"15,47","15,62"
11-09-2015,"15,37","15,52"
10-09-2015,"15,39","15,54"
09-09-2015,"15,40","15,55"
08-09-2015,"15,36","15,51"
07-09-2015,"15,30","15,45"
04-09-2015,"15,33","15,48"
03-09-2015,"15,51","15,66"
02-09-2015,"15,47","15,62"
01-09-2015,"15,36","15,51"
31-08-2015,"15,32","15,47"
28-08-2015,"15,38","15,53"
27-08-2015,"15,52","15,67"
26-08-2015,"15,77","15,92"
25-08-2015,"15,82","15,97"
24-08-2015,"15,69","15,84"
21-08-2015,"15,40","15,55"
20-08-2015,"15,20","15,35"
19-08-2015,"15,00","15,15"
18-08-2015,"14,90","15,05"
14-08-2015,"14,95","15,10"
13-08-2015,"14,82","14,97"
12-08-2015,"14,72","14,87"
11-08-2015,"14,68","14,83"
10-08-2015,"14,67","14,82"
07-08-2015,"14,77","14,92"
06-08-2015,"14,83","14,98"
05-08-2015,"14,80","14,95"
04-08-2015,"14,75","14,90"
03-08-2015,"14,74","14,89"
31-07-2015,"14,79","14,94"
30-07-2015,"14,76","14,91"
29-07-2015,"14,79","14,94"
28-07-2015,"14,80","14,95"
27-07-2015,"14,50","14,65"
24-07-2015,"14,34","14,49"
23-07-2015,"14,49","14,64"
22-07-2015,"14,74","14,89"
21-07-2015,"14,94","15,09"
20-07-2015,"14,40","14,55"
17-07-2015,"14,07","14,22"
16-07-2015,"13,96","14,11"
15-07-2015,"13,79","13,94"
14-07-2015,"13,85","14,00"
13-07-2015,"13,70","13,85"
10-07-2015,"13,47","13,62"
08-07-2015,"13,35","13,60"
07-07-2015,"13,34","13,59"
06-07-2015,"13,28","13,43"
03-07-2015,"13,33","13,48"
02-07-2015,"13,45","13,55"
01-07-2015,"13,45","13,55"
30-06-2015,"13,30","13,40"
29-06-2015,"13,19","13,29"
26-06-2015,"13,18","13,28"
25-06-2015,"13,42","13,52"
24-06-2015,"13,47","13,57"
23-06-2015,"13,25","13,35"
22-06-2015,"12,95","13,05"
19-06-2015,"12,92","13,02"
18-06-2015,"12,98","13,08"
17-06-2015,"12,84","12,94"
16-06-2015,"12,75","12,85"