fecha_de_pago,cod_comercio," PERCEPCION IVA R.G. 2408   3,00 %",AJUSTE SIRTAC JUL. 1RA QUINC,AJUSTE SIRTAC JUNIO 2DA QUINC,ARANCEL                                     ,CARGO  SISTEMA CUOTAS MENS                  ,CARGO LIQUIDACION ELECTR.,CARGO POSNET  FIRSTDATA.COM.AR,CARGOS DE ENTIDAD                           ,"CRED FISCAL AHORA 12/18 VTA EN CUOTAS 10,50%","CRED FISCAL AHORA 12/18 VTA EN CUOTAS 21,00%","CRED. FISCAL PAG.S/DTO.FIN.OTORG 21,00%     ","CRED.FISC.LEY 25063 PAG.S/DTO.F.OTORG. 10,50",DESCUENTO FINANC.OTORG. CUOTAS              ,IMPORTE NETO DE PAGOS                       ,"IVA CRED.FISC.COM.L.25063 S/DTO F.OTOR 10,50","IVA CRED.FISC.COMERCIO S/ARANC 21,00%       ","IVA PROMO CUOTAS AHORA 12/18 - 10,50%","IVA PROMO CUOTAS AHORA 12/18 - 21,00%",IVA RI CRED.FISC.COMERCIO S/DTO F.OTORG     ,IVA RI SERV.OPER. INT.,IVA RI SIST CUOTAS                          ,IVA RI. CARGO LIQUID. ELECT.                ,PER B.A.I.BR.DN.01/04,"PERCEPCION IVA R.G. 2408   1,50 %",PROMO CUOTAS AHORA 12/18,REEMBOLSOS DE ENTIDAD                       ,RETENCION IMP.GANANCIAS                     ,RETENCION ING.BRUTOS                        ,RETENCION ING.BRUTOS SIRTAC,RETENCION IVA                               ,SERVICIO OPER. INTERNAC.,SUBTOTAL NETO DE PAGOS                      ,TOTAL DEDUCCIONES                           ,TOTAL LIQUIDACION                           ,TOTAL PAGOS DE COMERCIOS                    ,VENTAS C/DESCUENTO CONTADO                  ,VENTAS C/DTO CUOTAS FINANC. OTORG.          ,percepcion iva
2022-07-01,4547438,1172.5433333333333,,,29733.924999999996,,,,,21828.43,,3060.02,138.17,15887.47,1658141.915,138.17,6244.1224999999995,21828.43,,3060.02,,,,2141.9525,456.89,207889.79,,15897.215,34514.7475,17444.364999999998,43777.8425,,1658141.915,212948.77000000002,1658141.915,,983287.8166666668,2267249.645,1629.4333333333334
2022-07-01,14935528,,,,44.98,,,,,10.653,,,,,2191.25,,9.45,10.65,,,,,,,,101.46,,,45.64,24.99,70.58,,2191.25,307.75,2191.25,,,2499.0,
2022-07-01,14935556,,,,170.95,,,,,40.485,,,,,8500.9,,35.9,40.49,,,,,,,,385.58,,,,94.97,268.21,,8500.9,996.1,8500.9,,,9497.0,
2022-07-01,14935569,,,,428.31,,,,,101.438,,,,,21075.24,,89.95,101.44,,,,,,,,966.08,,224.01,,237.95,672.02,,21075.24,2719.76,21075.24,,,23795.0,
2022-07-01,15537297,80.55,,,2685.16,,,,,703.068,,,,,131363.52,,563.88,703.07,,,,,,,,6695.89,,1397.95,,1491.76,4193.84,,131363.52,17812.1,131363.52,,,149175.62,
2022-07-01,15550885,,,,269.94,,,,,58.394,,,,,13046.3,,56.69,58.39,,,,,,20.65,,556.14,,141.71,272.08,149.97,425.13,,13046.3,1950.7,13046.3,,1299.0,13698.0,
2022-07-01,15550898,,,,145.74,,,,,34.517,,,,,7088.0,,30.61,34.52,,,,,,11.86,,328.74,,,147.88,80.97,228.68,,7088.0,1009.0,7088.0,,,8097.0,
2022-07-01,15550911,,,,134.94,,,,,21.306,,,,,6672.41,,28.34,21.31,,,,,,8.45,,202.92,,,138.89,74.97,214.77,,6672.41,824.59,6672.41,,2499.0,4998.0,
2022-07-01,15550922,,,,356.34,,,,,84.394,,,,,17147.4,,74.83,84.39,,,,,,29.0,,803.76,,186.37,357.83,197.97,559.11,,17147.4,2649.6,17147.4,,,19797.0,
2022-07-01,15550935,,,,1166.12,,,,,276.178,,,,,56114.25,,244.89,276.18,,,,,,94.91,,2630.27,,609.89,1170.98,647.85,1829.66,,56114.25,8670.75,56114.25,,,64785.0,
2022-07-01,15550950,,,,316.71,,,,,75.007,,,,,15240.09,,66.51,75.01,,,,,,25.78,,714.36,,165.64,318.03,175.95,496.92,,15240.09,2354.91,15240.09,,,17595.0,
2022-07-01,15554030,,,,71.98,,,,,17.047,,,,,3435.6,,15.12,17.05,,,,,,,,162.36,,,143.96,39.99,112.94,,3435.6,563.4,3435.6,,,3999.0,
2022-07-01,15554043,,,,188.96,,,,,44.753,,,,,9060.91,,39.68,44.75,,,,,,,,426.22,,98.83,237.19,104.98,296.48,,9060.91,1437.09,9060.91,,,10498.0,
2022-07-01,15554056,,,,82.78,,,,,19.605,,,,,4116.63,,17.38,19.61,,,,,,,,186.72,,,,45.99,129.89,,4116.63,482.37,4116.63,,,4599.0,
2022-07-01,15554071,,,,610.34,,,,,182.797,,,,,29644.74,,128.17,182.8,,,,,,,,1740.93,,315.57,,339.08,946.71,,29644.74,4263.6,29644.74,,,33908.34,
2022-07-01,15554084,,,,844.82,,,,,200.079,,,,,41569.48,,177.41,200.08,,,,,,,,1905.52,,441.84,,469.34,1325.51,,41569.48,5364.52,41569.48,,,46934.0,
2022-07-01,15554106,,,,162.84,,,,,38.567,,,,,7891.57,,34.2,38.57,,,,,,,,367.31,,,206.53,90.47,255.51,,7891.57,1155.43,7891.57,,,9047.0,
2022-07-01,15554134,,,,82.78,,,,,19.605,,,,,4116.63,,17.38,19.61,,,,,,,,186.72,,,,45.99,129.89,,4116.63,482.37,4116.63,,,4599.0,
2022-07-01,15569812,,,,255.52,,,,,28.979,,,,,12617.66,,53.66,28.98,,,,,,13.29,,276.0,,136.64,262.36,141.96,409.93,,12617.66,1578.34,12617.66,,7398.0,6798.0,
2022-07-01,15589105,,,,518.25,,,,,122.74,,,,,24464.6,,108.83,122.74,,,,,,,,1168.96,,271.05,1036.51,287.92,813.14,,24464.6,4327.4,24464.6,,,28792.0,
2022-07-01,15589118,,,,124.14,,,,,21.306,,,,,6256.49,,26.07,21.31,,,,,,,,202.92,,,,68.97,197.1,,6256.49,640.51,6256.49,,1899.0,4998.0,
2022-07-01,17938116,,,,1.78,,,,,,,,,,95.86,,0.37,,,,,,,,,,,,,0.99,,,95.86,3.14,95.86,,99.0,,
2022-07-01,19265106,,,,349.15,,,,,,,,,,17644.19,,73.32,,,,,,,8.73,,,,190.48,365.72,193.97,571.44,,17644.19,1752.81,17644.19,,19397.0,,
2022-07-01,19273970,,,,616.54,,,,,176.187,,,,,30031.28,,129.47,176.19,,,,,,,,1677.98,,319.58,,342.52,958.73,,30031.28,4221.01,30031.28,,,34252.29,
2022-07-04,4547438,1189.8674999999998,,,39660.3575,,,,,27753.189,,,,26309.78,2228711.3375,773.28,8328.675,27753.19,,3978.52,4.73,,,2616.9625,678.81,264316.07,,21239.9175,46376.3475,23291.4425,58233.77,22.5,2228711.3375,281889.7525,2228718.1449999996,27.23,1368453.3366666667,2968535.79,1868.6774999999998
2022-07-04,14935530,,,,40.48,,,,,,,,,,2068.42,,8.5,,,,,,,,,,,,42.85,22.49,66.26,,2068.42,180.58,2068.42,,2249.0,,
2022-07-04,14935556,,,,350.88,,,,,66.05,,,,,17437.88,,73.68,66.05,,,,,,,,629.06,,185.13,,194.93,555.39,,17437.88,2055.12,17437.88,,3999.0,15494.0,
2022-07-04,14935569,,,,75.58,,,,,,,,,,3941.86,,15.87,,,,,,,,,,,,,41.99,123.7,,3941.86,257.14,3941.86,,4199.0,,
2022-07-04,15537297,236.41,,,7879.44,,,,,2079.803,,,,,385314.89,,1654.68,2079.8,,,,,,,,19807.65,,4100.66,,4377.53,12301.98,,385314.89,52438.15,385314.89,,40080.0,397673.04,
2022-07-04,15550872,,,,401.27,,,,,95.035,,,,,19309.32,,84.27,95.04,,,,,,32.66,,905.1,,209.87,402.94,222.93,629.6,,19309.32,2983.68,19309.32,,,22293.0,
2022-07-04,15550885,,,,594.97,,,,,140.909,,,,,28630.1,,124.94,140.91,,,,,,48.42,,1341.99,,311.17,597.45,330.54,933.51,,28630.1,4423.9,28630.1,,,33054.0,
2022-07-04,15550898,,,,224.93,,,,,53.27,,,,,10823.54,,47.24,53.27,,,,,,18.31,,507.34,,117.64,225.86,124.96,352.91,,10823.54,1672.46,10823.54,,,12496.0,
2022-07-04,15550911,,,,723.86,,,,,224.124,,,,,34294.9,,152.01,224.12,,,,,,71.46,,2134.51,,373.56,717.24,402.14,1120.68,,34294.9,5919.58,34294.9,,,40214.48,
2022-07-04,15550922,,,,831.84,,,,,178.901,,,,,40213.47,,174.69,178.9,,,,,,63.39,,1703.82,,436.78,838.62,462.14,1310.35,,40213.47,6000.53,40213.47,,4248.0,41966.0,
2022-07-04,15550935,,,,730.39,,,,,246.931,,,,,34392.19,,153.38,246.93,,,,,,77.05,,2351.73,,374.95,719.9,405.77,1124.85,,34392.19,6184.95,34392.19,,,40577.14,
2022-07-04,15550950,,,,876.33,,,,,207.544,,,,,42169.06,,184.03,207.54,,,,,,71.32,,1976.61,,458.32,879.98,486.85,1374.96,,42169.06,6515.94,42169.06,,,48685.0,
2022-07-04,15554030,,,,588.44,,,,,122.314,,,,,27950.48,,123.57,122.31,,,,,,,,1164.9,,309.38,1176.88,326.91,928.13,,27950.48,4740.52,27950.48,,3999.0,28692.0,
2022-07-04,15554043,,,,248.28,,,,,58.803,,,,,11905.71,,52.14,58.8,,,,,,,,560.04,,129.86,311.66,137.94,389.57,,11905.71,1888.29,11905.71,,,13794.0,
2022-07-04,15554056,,,,1081.54,,,,,256.146,,,,,53218.24,,227.12,256.15,,,,,,,,2439.49,,565.65,,600.86,1696.95,,53218.24,6867.76,53218.24,,,60086.0,
2022-07-04,15554084,80.47,,,2682.83,,,,,730.588,,,,,130965.54,,563.39,730.59,,,,,,,,6957.99,,1394.07,,1490.48,4182.2,,130965.54,18082.02,130965.54,,,149047.56,
2022-07-04,15554097,,,,190.03,,,,,45.004,,,,,9350.35,,39.91,45.0,,,,,,,,428.61,,99.38,,105.57,298.15,,9350.35,1206.65,9350.35,,,10557.0,
2022-07-04,15554106,,,,1542.19,,,,,365.245,,,,,73949.33,,323.86,365.25,,,,,,,,3478.53,,806.57,1935.77,856.78,2419.72,,73949.33,11728.67,73949.33,,,85678.0,
2022-07-04,15554134,,,,462.45,,,,,109.525,,,,,22755.44,,97.11,109.53,,,,,,,,1043.1,,241.86,,256.92,725.59,,22755.44,2936.56,22755.44,,,25692.0,
2022-07-04,15569812,,,,187.14,,,,,44.322,,,,,9005.49,,39.3,44.32,,,,,,15.23,,422.12,,97.88,187.92,103.97,293.63,,9005.49,1391.51,9005.49,,,10397.0,
2022-07-04,15580405,,,,200.48,,,,,47.481,,,,,9864.95,,42.1,47.48,,,,,,,,452.2,,104.85,,111.38,314.56,,9864.95,1273.05,9864.95,,,11138.0,
2022-07-04,15589105,,,,1273.08,,,,,275.087,,,,,60364.8,,267.35,275.09,,,,,,,,2619.88,,668.34,2546.17,707.27,2005.02,,60364.8,10362.2,60364.8,,6198.0,64529.0,
2022-07-04,15589118,,,,635.06,,,,,150.402,,,,,31248.41,,133.36,150.4,,,,,,,,1432.41,,332.14,,352.81,996.41,,31248.41,4032.59,31248.41,,,35281.0,
2022-07-04,19265106,,,,331.99,,,,,78.626,,,,,15975.47,,69.72,78.63,,,,,,27.02,,748.83,,173.63,333.37,184.44,520.9,,15975.47,2468.53,15975.47,,,18444.0,
2022-07-04,19273970,,,,1312.74,,,,,283.199,,,,,64876.09,,275.68,283.2,,,,,,,,2697.14,,689.21,,729.31,2067.63,,64876.09,8054.91,64876.09,,6499.0,66432.0,
2022-07-05,4547438,5286.176666666667,,394.38,132511.27000000002,,,,394.38,102085.785,42.621,2227.71,,14463.28,7202789.039999999,404.79,27827.3675,102085.79,42.62,2227.71,,,,9234.275000000001,376.06,972448.48,,70665.4075,149945.565,77134.51499999998,198008.0,,7202789.039999999,942303.2150000001,7202887.635,,3819854.0499999993,10560600.625,5662.236666666668
2022-07-05,14935528,,,,1677.41,,,,,488.259,,,,,79790.03,,352.26,488.26,,,,,,158.19,,4650.09,,868.63,1667.77,931.9,2605.89,,79790.03,13400.4,79790.03,,5198.0,87992.43,
2022-07-05,14935530,,,,646.04,,,,,179.776,,,,,30815.01,,135.67,179.78,,,,,,58.95,,1712.15,,335.33,643.84,358.92,1006.0,,30815.01,5076.68,30815.01,,,35891.69,
2022-07-05,14935556,,,,592.06,,,,,140.218,,,,,29132.46,,124.33,140.22,,,,,,,,1335.42,,309.65,,328.92,928.94,,29132.46,3759.54,29132.46,,,32892.0,
2022-07-05,14935569,,,,894.4,,,,,211.824,,,,,44009.61,,187.82,211.82,,,,,,,,2017.37,,467.77,,496.89,1403.32,,44009.61,5679.39,44009.61,,,49689.0,
2022-07-05,15537297,769.93,,,25663.65,,,,,6789.476,,,,,1254819.39,,5389.37,6789.48,,,,,,,,64661.68,,13354.44,,14257.69,40063.31,,1254819.39,170949.55,1254819.39,,63887.0,1361881.94,
2022-07-05,15550872,84.14,,,2804.76,,,,,628.131,,,,,135251.41,,589.0,628.13,,,,,,219.67,,5982.21,,1470.35,2823.07,1558.22,4411.05,,135251.41,20570.6,135251.41,,8477.0,147345.01,
2022-07-05,15550885,68.4,,,2280.08,,,,,534.797,,,,,109703.99,,478.82,534.8,,,,,,184.33,,5093.31,,1193.0,2290.55,1266.73,3578.99,,109703.99,16969.01,109703.99,,5798.0,120875.0,
2022-07-05,15550898,,,,1825.1,,,,,537.007,,,,,86756.2,,383.27,537.01,,,,,,173.49,,5114.36,,944.56,1813.55,1013.95,2833.67,,86756.2,14638.96,86756.2,,549.0,100846.16,
2022-07-05,15550911,,,,806.01,,,,,230.995,,,,,38377.0,,169.26,231.0,,,,,,75.15,,2199.95,,417.73,802.04,447.79,1253.19,,38377.0,6402.12,38377.0,,,44779.12,
2022-07-05,15550922,94.99,,,3166.77,,,,,904.155,,,,,150719.28,,665.02,904.16,,,,,,294.44,,8611.0,,1641.55,3151.78,1759.33,4924.66,,150719.28,25213.7,150719.28,,2497.0,173435.98,
2022-07-05,15550935,86.27,,,2876.44,,,,,707.64,,,,,138059.12,,604.05,707.64,,,,,,240.4,,6739.43,,1501.87,2883.58,1598.02,4505.6,,138059.12,21743.3,138059.12,,1699.0,158103.42,
2022-07-05,15550950,,,,1875.9,,,,,521.279,,,,,89484.2,,393.94,521.28,,,,,,171.01,,4964.57,,973.77,1869.65,1042.18,2921.32,,89484.2,14733.62,89484.2,,,104217.82,
2022-07-05,15554030,,,,908.69,,,,,215.209,,,,,42895.46,,190.82,215.21,,,,,,,,2049.61,,475.25,1817.39,504.83,1425.74,,42895.46,7587.54,42895.46,,,50483.0,
2022-07-05,15554043,,,,1312.73,,,,,298.968,,,,,63064.73,,275.67,298.97,,,,,,,,2847.32,,687.7,1650.48,729.3,2063.1,,63064.73,9865.27,63064.73,,2799.0,70131.0,
2022-07-05,15554056,85.64,,,2855.37,,,,,796.023,,,,,139200.82,,599.63,796.02,,,,,,,,7581.17,,1481.96,,1586.33,4445.89,,139200.82,19432.01,139200.82,,5299.0,153333.83,
2022-07-05,15554071,60.92,,,2030.86,,,,,513.068,,,,,99543.16,,426.48,513.07,,,,,,,,4886.37,,1059.08,,1128.25,3177.25,,99543.16,13282.28,99543.16,,6599.0,106226.44,
2022-07-05,15554084,93.86,,,3128.21,,,,,867.281,,,,,152550.94,,656.92,867.28,,,,,,,,8259.82,,1624.03,,1737.91,4872.09,,152550.94,21240.12,152550.94,,5799.0,167992.06,
2022-07-05,15554097,,,,1557.98,,,,,486.481,,,,,75470.64,,327.18,486.48,,,,,,,,4633.16,,803.64,,865.56,2410.93,,75470.64,11084.93,75470.64,,,86555.57,
2022-07-05,15554106,168.23,,,5606.81,,,,,1465.073,,,,,267321.64,,1177.43,1465.07,,,,,,,,13953.08,,2919.31,7006.34,3114.91,8757.93,,267321.64,44169.11,267321.64,,20142.0,291348.75,
2022-07-05,15554121,,,,296.0,,,,,70.1,,,,,14564.46,,62.16,70.1,,,,,,,,667.63,,154.8,,164.44,464.41,,14564.46,1879.54,14564.46,,,16444.0,
2022-07-05,15554134,,,,1528.81,,,,,408.684,,,,,74753.28,,321.05,408.68,,,,,,,,3892.23,,795.13,,849.34,2385.39,,74753.28,10180.63,74753.28,,9897.0,75036.91,
2022-07-05,15569812,,,,1441.38,,,,,341.368,,,,,69359.6,,302.69,341.37,,,,,,117.31,,3251.13,,753.84,1447.38,800.77,2261.53,,69359.6,10717.4,69359.6,,,80077.0,
2022-07-05,15580405,,,,1348.84,,,,,424.835,,,,,65302.04,,283.26,424.84,,,,,,,,4046.06,,695.41,,749.36,2086.23,,65302.04,9634.0,65302.04,,,74936.04,
2022-07-05,15589105,78.36,,,2612.0,,,,,667.692,,,,,122725.74,,548.52,667.69,,,,,,,,6358.98,,1361.41,5224.03,1451.12,4084.23,,122725.74,22386.34,122725.74,,16795.0,128317.08,
2022-07-05,15589118,,,,1799.2,,,,,509.177,,,,,87688.69,,377.83,509.18,,,,,,,,4849.31,,933.08,,999.56,2799.23,,87688.69,12267.39,87688.69,,1649.0,98307.08,
2022-07-05,16378521,,,,1076.32,,,,,,628.799,,,,53034.65,,226.03,,628.8,,,,,123.14,,2994.28,,,1114.5,597.96,,,53034.65,6761.03,53034.65,,,59795.68,
2022-07-05,17938116,,,,176.34,,,,,41.764,,,,,8677.22,,37.03,41.76,,,,,,,,397.76,,92.23,,97.97,276.69,,8677.22,1119.78,8677.22,,,9797.0,
2022-07-05,18086170,,,,157.35,11.5,,,,71.687,,,,,7458.59,,33.04,71.69,,,,2.42,,,,682.73,,,,87.42,237.05,,7458.59,1269.28,7472.51,13.92,,8741.79,
2022-07-05,19265106,64.77,,,2159.07,,,,,562.513,,,,,103308.48,,453.4,562.51,,,,,,187.91,,5357.27,,1124.33,2158.71,1199.49,3372.98,,103308.48,16640.44,103308.48,,,119948.92,
2022-07-05,19273970,171.24,,,5708.11,,,,,1479.706,,,,,279406.14,,1198.7,1479.71,,,,,,,,14092.44,,2973.2,,3171.2,8919.59,,279406.14,37714.19,279406.14,,26798.0,290322.33,
2022-07-06,4547438,744.1733333333333,,,19060.855,11.5,,21187.48,,13924.491,,,,53999.66,1102085.7375,1508.68,4002.7825000000003,13924.49,,8322.56,,2.42,,1349.365,1404.46,132614.23,,10144.2125,23076.5775,11165.7175,26903.53,,1102085.7375,149204.69,1107386.0875,10600.699999999999,765837.27,1364425.65,2148.633333333333
2022-07-06,14935528,,,,100.76,,,,,24.675,,,,,4892.06,,21.16,24.68,,,,,,8.39,,235.01,,,102.09,55.98,157.87,,4892.06,705.94,4892.06,,999.0,4599.0,
2022-07-06,15537297,69.85,,,2328.82,,,,,694.183,,,,,113074.48,,489.05,694.18,,,,,,,,6611.27,,1204.39,,1293.79,3613.17,,113074.48,16304.52,113074.48,,,129379.0,
2022-07-06,15550885,,,,251.58,,,,,74.993,,,,,11949.19,,52.83,74.99,,,,,,24.15,,714.23,,130.11,249.81,139.77,390.34,,11949.19,2027.81,11949.19,,,13977.0,
2022-07-06,15550935,,,,142.14,,,,,42.371,,,,,6823.33,,29.85,42.37,,,,,,13.64,,403.54,,,142.62,78.97,220.54,,6823.33,1073.67,6823.33,,,7897.0,
2022-07-06,15550950,,,,100.78,,,,,30.041,,,,,4837.77,,21.16,30.04,,,,,,9.67,,286.11,,,101.12,55.99,156.36,,4837.77,761.23,4837.77,,,5599.0,
2022-07-06,15554030,,,,559.58,,,,,166.802,,,,,26067.87,,117.51,166.8,,,,,,,,1588.6,,289.4,1119.17,310.88,868.19,,26067.87,5020.13,26067.87,,,31088.0,
2022-07-06,15554043,,,,32.38,,,,,9.652,,,,,1549.4,,6.8,9.65,,,,,,,,91.93,,,40.61,17.99,50.24,,1549.4,249.6,1549.4,,,1799.0,
2022-07-06,15554056,,,,699.55,,,,,208.524,,,,,33987.3,,146.91,208.52,,,,,,,,1985.95,,361.78,,388.64,1085.35,,33987.3,4876.7,33987.3,,,38864.0,
2022-07-06,15554071,,,,542.1,,,,,161.595,,,,,26338.32,,113.84,161.6,,,,,,,,1539.01,,280.36,,301.18,841.09,,26338.32,3779.18,26338.32,,,30117.5,
2022-07-06,15554084,,,,581.5,,,,,227.196,,,,,27705.59,,122.12,227.2,,,,,,,,2163.78,,295.6,,323.06,886.81,,27705.59,4600.07,27705.59,,,32305.66,
2022-07-06,15554097,,,,310.79,,,,,92.64,,,,,15099.43,,65.27,92.64,,,,,,,,882.29,,160.73,,172.66,482.19,,15099.43,2166.57,15099.43,,,17266.0,
2022-07-06,15554134,,,,316.69,,,,,94.4,,,,,15386.29,,66.5,94.4,,,,,,,,899.05,,163.78,,175.94,491.35,,15386.29,2207.71,15386.29,,,17594.0,
2022-07-06,15580405,,,,211.72,,,,,120.662,,,,,9702.55,,44.46,120.66,,,,,,,,1149.17,,104.01,,117.62,312.04,,9702.55,2059.68,9702.55,,,11762.23,
2022-07-06,15589118,,,,248.32,,,,,74.022,,,,,12064.86,,52.15,74.02,,,,,,,,704.98,,128.43,,137.96,385.28,,12064.86,1731.14,12064.86,,,13796.0,
2022-07-06,17938116,,,,360.0,,,,,107.31,,,,,17490.37,,75.6,107.31,,,,,,,,1022.0,,186.18,,200.0,558.54,,17490.37,2509.63,17490.37,,,20000.0,
2022-07-06,19265106,,,,89.08,,,,,26.553,,,,,4276.14,,18.71,26.55,,,,,,8.55,,252.89,,,89.38,49.49,138.21,,4276.14,672.86,4276.14,,,4949.0,
2022-07-06,19273970,,,,430.07,,,,,128.197,,,,,20894.88,,90.31,128.2,,,,,,,,1220.93,,222.42,,238.93,667.26,,20894.88,2998.12,20894.88,,,23893.0,
2022-07-07,4547438,780.5433333333334,,,19948.8,,55.0,,,15380.46,,1903.35,322.84,12138.23,1185328.6925,322.84,4189.25,15380.46,,1903.35,,,11.55,1383.195,318.03,146480.61,,14021.706666666667,24653.4375,12034.079999999998,28199.747499999998,,1185328.6925,145646.07749999998,1185345.3299999998,66.55,873521.35,1351700.79,1098.5733333333333
2022-07-07,14935528,,,,124.09,,,,,36.989,,,,,5956.7,,26.06,36.99,,,,,,11.91,,352.28,,,124.5,68.94,192.53,,5956.7,937.3,5956.7,,,6894.0,
2022-07-07,14935569,,,,57.58,,,,,17.164,,,,,2827.37,,12.09,17.16,,,,,,,,163.47,,,,31.99,89.34,,2827.37,371.63,2827.37,,,3199.0,
2022-07-07,15537297,82.95,,,2765.3,,,,,966.246,,,,,132828.19,,580.71,966.25,,,,,,,,9202.35,,1416.61,,1536.28,4249.82,,132828.19,20800.27,132828.19,,197.0,153431.46,
2022-07-07,15550872,,,,557.83,,,,,166.282,,,,,26494.76,,117.14,166.28,,,,,,53.54,,1583.64,,288.5,553.91,309.91,865.49,,26494.76,4496.24,26494.76,,,30991.0,
2022-07-07,15550885,,,,197.91,,,,,58.993,,,,,9399.82,,41.56,58.99,,,,,,18.99,,561.85,,102.35,196.52,109.95,307.06,,9399.82,1595.18,9399.82,,,10995.0,
2022-07-07,15550935,,,,403.07,,,,,69.188,,,,,19663.88,,84.64,69.19,,,,,,26.55,,658.94,,213.31,409.56,223.93,639.93,,19663.88,2729.12,19663.88,,9498.0,12895.0,
2022-07-07,15550950,,,,285.56,,,,,162.744,,,,,12771.08,,59.97,162.74,,,,,,45.89,,1549.95,,140.29,269.35,158.64,420.86,,12771.08,3093.25,12771.08,,,15864.33,
2022-07-07,15554030,,,,115.16,,,,,17.7,,,,,5594.64,,24.18,17.7,,,,,,,,168.58,,,230.33,63.98,183.43,,5594.64,803.36,5594.64,,3099.0,3299.0,
2022-07-07,15554043,,,,1500.89,,,,,447.391,,,,,71057.07,,315.19,447.39,,,,,,,,4260.87,,776.21,1862.91,833.83,2328.64,,71057.07,12325.93,71057.07,,,83383.0,
2022-07-07,15554056,,,,374.69,,,,,111.688,,,,,18203.97,,78.68,111.69,,,,,,,,1063.7,,193.78,,208.16,581.33,,18203.97,2612.03,18203.97,,,20816.0,
2022-07-07,15554071,,,,98.96,,,,,29.499,,,,,4859.29,,20.78,29.5,,,,,,,,280.95,,,,54.98,153.54,,4859.29,638.71,4859.29,,,5498.0,
2022-07-07,15554084,,,,809.7,,,,,241.361,,,,,39339.35,,170.04,241.36,,,,,,,,2298.68,,418.76,,449.84,1256.27,,39339.35,5644.65,39339.35,,,44984.0,
2022-07-07,15554097,,,,530.49,,,,,151.639,,,,,25839.67,,111.4,151.64,,,,,,,,1444.19,,274.97,,294.72,824.92,,25839.67,3632.33,25839.67,,1210.0,28262.0,
2022-07-07,15554106,,,,998.73,,,,,297.704,,,,,47283.04,,209.73,297.7,,,,,,,,2835.29,,516.51,1239.62,554.85,1549.53,,47283.04,8201.96,47283.04,,,55485.0,
2022-07-07,15554134,,,,195.21,,,,,58.188,,,,,9484.15,,40.99,58.19,,,,,,,,554.18,,100.96,,108.45,302.87,,9484.15,1360.85,9484.15,,,10845.0,
2022-07-07,15589105,,,,311.29,,,,,92.791,,,,,14501.35,,65.37,92.79,,,,,,,,883.72,,160.99,622.58,172.94,482.97,,14501.35,2792.65,14501.35,,,17294.0,
2022-07-07,16378521,,,,509.29,,,,,,303.623,,,,25059.46,,106.95,,303.62,,,,,59.14,,1445.82,,,526.78,282.94,,,25059.46,3234.54,25059.46,,,28294.0,
2022-07-07,19265106,,,,784.38,,,,,365.824,,,,,35908.42,,164.72,365.82,,,,,,106.71,,3484.05,,393.09,754.72,435.77,1179.26,,35908.42,7668.52,35908.42,,,43576.94,
2022-07-07,19273970,,,,550.64,,,,,147.513,,,,,26921.96,,115.63,147.51,,,,,,,,1404.89,,286.36,,305.92,859.09,,26921.96,3670.04,26921.96,,3099.0,27493.0,
2022-07-08,4547438,790.935,,,26363.020000000004,,,,,22658.454,,3518.31,748.75,23884.79,1481682.2,748.75,5536.235000000001,22658.45,,3518.31,,,,1999.5575,609.59,215794.85,,14012.25,30790.620000000003,11847.7725,38225.87,,1481682.2,196369.94499999998,1481682.2,,980431.0766666667,1885457.675,1400.525
2022-07-08,14935556,,,,221.35,,,,,65.979,,,,,10790.84,,46.48,65.98,,,,,,,,628.38,,114.47,,86.08,343.42,,10790.84,1506.16,10790.84,,,12297.0,
2022-07-08,14935569,,,,332.91,,,,,99.234,,,,,16229.7,,69.91,99.23,,,,,,,,945.1,,172.17,,129.47,516.51,,16229.7,2265.3,16229.7,,,18495.0,
2022-07-08,15537297,125.15,,,4171.53,,,,,1300.72,,,,,202661.14,,876.02,1300.72,,,,,,,,12387.82,,2151.93,,1622.27,6455.79,,202661.14,29091.23,202661.14,,10100.0,221652.37,
2022-07-08,15550872,,,,80.96,,,,,24.134,,,,,3899.95,,17.0,24.13,,,,,,7.77,,229.85,,,81.23,31.49,125.62,,3899.95,598.05,3899.95,,,4498.0,
2022-07-08,15550911,,,,224.94,,,,,59.009,,,,,10803.43,,47.24,59.01,,,,,,19.67,,562.0,,117.1,224.83,87.48,351.3,,10803.43,1693.57,10803.43,,1499.0,10998.0,
2022-07-08,15550922,,,,789.13,,,,,214.845,,,,,37819.84,,165.72,214.85,,,,,,70.88,,2046.15,,410.06,787.31,306.89,1230.17,,37819.84,6021.16,37819.84,,3799.0,40042.0,
2022-07-08,15550935,,,,386.91,,,,,72.418,,,,,18878.57,,81.25,72.42,,,,,,26.92,,689.7,,204.18,392.03,150.47,612.55,,18878.57,2616.43,18878.57,,7998.0,13497.0,
2022-07-08,15550950,,,,232.14,,,,,69.198,,,,,11064.57,,48.75,69.2,,,,,,22.28,,659.04,,120.06,230.51,90.28,360.17,,11064.57,1832.43,11064.57,,,12897.0,
2022-07-08,15554030,,,,459.73,,,,,137.04,,,,,21493.23,,96.54,137.04,,,,,,,,1305.15,,237.76,919.48,178.79,713.28,,21493.23,4047.77,21493.23,,,25541.0,
2022-07-08,15554043,,,,449.79,,,,,109.939,,,,,21609.35,,94.46,109.94,,,,,,,,1047.04,,234.92,563.81,174.92,704.77,,21609.35,3379.65,21609.35,,4499.0,20490.0,
2022-07-08,15554056,,,,295.86,,,,,84.442,,,,,14461.82,,62.13,84.44,,,,,,,,804.21,,153.37,,115.06,460.11,,14461.82,1975.18,14461.82,,699.0,15738.0,
2022-07-08,15554071,,,,215.92,,,,,64.364,,,,,10526.73,,45.34,64.36,,,,,,,,613.0,,111.67,,83.97,335.01,,10526.73,1469.27,10526.73,,,11996.0,
2022-07-08,15554084,,,,288.82,,,,,54.717,,,,,14398.93,,60.65,54.72,,,,,,,,521.12,,152.36,,112.32,457.08,,14398.93,1647.07,14398.93,,5848.0,10198.0,
2022-07-08,15554106,,,,957.43,,,,,285.396,,,,,45487.71,,201.06,285.4,,,,,,,,2718.06,,495.16,1188.37,372.34,1485.47,,45487.71,7703.29,45487.71,,,53191.0,
2022-07-08,15554134,,,,55.78,,,,,16.627,,,,,2748.28,,11.71,16.63,,,,,,,,158.36,,,,21.69,86.55,,2748.28,350.72,2748.28,,,3099.0,
2022-07-08,15580405,,,,101.5,,,,,30.256,,,,,5000.82,,21.32,30.26,,,,,,,,288.15,,,,39.47,157.48,,5000.82,638.18,5000.82,,,5639.0,
2022-07-08,15589105,,,,1490.57,,,,,605.892,,,,,68047.22,,313.02,605.89,,,,,,,,5770.41,,755.49,2981.16,579.67,2266.47,,68047.22,14762.68,68047.22,,,82809.9,
2022-07-08,15589118,,,,156.56,,,,,46.669,,,,,7713.62,,32.88,46.67,,,,,,,,444.47,,,,60.89,242.91,,7713.62,984.38,7713.62,,,8698.0,
2022-07-08,16378521,,,,205.15,,,,,,122.301,,,,10128.29,,43.08,,122.3,,,,,23.82,,582.39,,,212.19,79.78,,,10128.29,1268.71,10128.29,,,11397.0,
2022-07-08,19265106,,,,795.42,,,,,237.101,,,,,37911.39,,167.04,237.1,,,,,,76.34,,2258.11,,411.36,789.82,309.33,1234.09,,37911.39,6278.61,37911.39,,,44190.0,
2022-07-08,19273970,,,,80.96,,,,,10.725,,,,,4126.22,,17.0,10.73,,,,,,,,102.15,,,,31.49,129.45,,4126.22,371.78,4126.22,,2499.0,1999.0,
2022-07-11,4547438,1732.1625000000001,,,57736.829999999994,,,,,51779.402,,3154.49,1022.29,24757.48,3073606.2525,1022.29,12124.735,51779.4,,3154.49,,,,4501.5725,596.7,493137.27,,30516.3675,63894.9775,24750.985,86349.5425,,3073606.2525,425219.08,3073606.2525,,1770794.0366666664,4341459.61,2328.8625
2022-07-11,14935528,,,,161.96,,,,,48.278,,,,,7801.63,,34.01,48.28,,,,,,15.54,,459.8,,,162.5,62.99,251.29,,7801.63,1196.37,7801.63,,,8998.0,
2022-07-11,14935556,,,,223.14,,,,,42.376,,,,,11123.44,,46.86,42.38,,,,,,,,403.59,,117.7,,86.78,353.11,,11123.44,1273.56,11123.44,,4499.0,7898.0,
2022-07-11,14935569,,,,593.86,,,,,177.018,,,,,28951.09,,124.71,177.02,,,,,,,,1685.89,,307.12,,230.94,921.37,,28951.09,4040.91,28951.09,,,32992.0,
2022-07-11,15537297,248.52,,,8284.64,,,,,2612.584,,,,,402188.81,,1739.77,2612.58,,,,,,,,24881.76,,4270.95,,3221.83,12812.86,,402188.81,58072.91,402188.81,,8379.0,451882.72,
2022-07-11,15550872,,,,648.67,,,,,153.131,,,,,31327.92,,136.22,153.13,,,,,,52.68,,1458.4,,339.31,651.47,252.27,1017.93,,31327.92,4710.08,31327.92,,7498.0,28540.0,
2022-07-11,15550885,,,,504.66,,,,,144.423,,,,,24114.73,,105.98,144.42,,,,,,47.0,,1375.46,,261.57,502.21,196.26,784.71,,24114.73,3922.27,24114.73,,1120.0,26917.0,
2022-07-11,15550898,,,,975.32,,,,,261.224,,,,,46787.17,,204.82,261.22,,,,,,86.58,,2487.86,,507.22,973.86,379.3,1521.65,,46787.17,7397.83,46787.17,,5499.0,48686.0,
2022-07-11,15550911,,,,622.54,,,,,225.176,,,,,29268.14,,130.73,225.18,,,,,,69.18,,2144.53,,318.19,610.93,242.1,954.57,,29268.14,5317.95,29268.14,,,34586.09,
2022-07-11,15550922,,,,1253.88,,,,,386.063,,,,,59636.62,,263.31,386.06,,,,,,123.27,,3676.79,,647.29,1242.79,487.62,1941.86,,59636.62,10022.87,59636.62,,7297.0,62362.49,
2022-07-11,15550935,,,,1133.5,,,,,223.108,,,,,55196.13,,238.04,223.11,,,,,,81.46,,2124.84,,597.15,1146.52,440.81,1791.44,,55196.13,7776.87,55196.13,,21391.0,41582.0,
2022-07-11,15550950,,,,511.04,,,,,126.588,,,,,24620.61,,107.32,126.59,,,,,,42.92,,1205.6,,266.75,512.17,198.74,800.26,,24620.61,3771.39,24620.61,,4799.0,23593.0,
2022-07-11,15554030,,,,1060.06,,,,,238.201,,,,,50347.66,,222.61,238.2,,,,,,,,2268.59,,555.63,2120.11,412.24,1666.9,,50347.66,8544.34,50347.66,,14497.0,44395.0,
2022-07-11,15554043,,,,304.97,,,,,78.035,,,,,14616.88,,64.04,78.04,,,,,,,,743.2,,158.95,381.48,118.6,476.84,,14616.88,2326.12,14616.88,,2399.0,14544.0,
2022-07-11,15554056,,,,1645.92,,,,,391.386,,,,,81247.76,,345.64,391.39,,,,,,,,3727.49,,860.68,,640.09,2582.03,,81247.76,10193.24,81247.76,,18496.0,72945.0,
2022-07-11,15554071,,,,1157.64,,,,,166.417,,,,,58248.14,,243.1,166.42,,,,,,,,1584.93,,615.71,,450.19,1847.12,,58248.14,6065.11,58248.14,,33297.0,31016.25,
2022-07-11,15554084,,,,1811.27,,,,,527.841,,,,,88423.56,,380.37,527.84,,,,,,,,5027.07,,937.88,,704.38,2813.63,,88423.56,12202.44,88423.56,,2249.0,98377.0,
2022-07-11,15554097,,,,655.24,,,,,159.913,,,,,32303.45,,137.6,159.91,,,,,,,,1522.99,,342.25,,254.82,1026.74,,32303.45,4099.55,32303.45,,6599.0,29804.0,
2022-07-11,15554106,,,,1996.7,,,,,642.498,,,,,94394.45,,419.31,642.5,,,,,,,,6119.03,,1028.13,2467.51,776.5,3084.38,,94394.45,16534.06,94394.45,,15298.0,95630.51,
2022-07-11,15554134,,,,1248.82,,,,,372.253,,,,,60881.36,,262.25,372.25,,,,,,,,3545.27,,645.85,,485.65,1937.55,,60881.36,8497.64,60881.36,,,69379.0,
2022-07-11,15569812,,,,271.69,,,,,67.583,,,,,13086.1,,57.05,67.58,,,,,,22.88,,643.66,,141.79,272.23,105.66,425.36,,13086.1,2007.9,13086.1,,2498.0,12596.0,
2022-07-11,15580405,,,,502.91,,,,,125.236,,,,,24768.16,,105.61,125.24,,,,,,,,1192.73,,262.44,,195.58,787.33,,24768.16,3171.84,24768.16,,4599.0,23341.0,
2022-07-11,15589105,,,,1153.52,,,,,343.848,,,,,53928.71,,242.24,343.85,,,,,,,,3274.75,,596.57,2307.06,448.6,1789.7,,53928.71,10156.29,53928.71,,,64085.0,
2022-07-11,15589118,,,,859.97,,,,,406.618,,,,,40399.98,,180.59,406.62,,,,,,,,3872.55,,430.43,,334.43,1291.3,,40399.98,7375.89,40399.98,,2799.0,44976.87,
2022-07-11,16378521,,,,374.24,,,,,,156.597,,,,18863.03,,78.59,,156.6,,,,,33.88,,745.7,,,393.42,145.54,,,18863.03,1927.97,18863.03,,6198.0,14593.0,
2022-07-11,17938116,,,,122.38,,,,,9.652,,,,,6304.21,,25.7,9.65,,,,,,,,91.93,,,,47.59,197.54,,6304.21,494.79,6304.21,,5000.0,1799.0,
2022-07-11,19265106,,,,723.99,,,,,297.666,,,,,33672.42,,152.04,297.67,,,,,,88.97,,2834.92,,366.63,703.93,281.55,1099.89,,33672.42,6549.59,33672.42,,,40222.01,
2022-07-11,19273970,63.92,,,2130.73,,,,,631.823,,,,,103845.48,,447.45,631.82,,,,,,,,6017.37,,1102.26,,828.62,3306.79,,103845.48,14528.96,103845.48,,21092.0,97282.44,
2022-07-12,4547438,996.3233333333334,,,25380.7,,,,,13621.118,,3721.92,1049.35,27717.38,1943087.435,1049.35,5329.9475,13621.12,,3721.92,,,,590.2725,681.58,129724.96,,14212.6875,40192.5,14909.142500000002,29986.9375,,1943087.435,175478.5075,1943087.435,,2001595.8933333333,1234738.045,1677.9033333333334
2022-07-12,14935528,,,,58.27,,,,,33.211,,,,,2649.94,,12.24,33.21,,,,,,3.37,,316.3,,,55.54,22.66,85.89,,2649.94,587.48,2649.94,,,3237.42,
2022-07-12,14935530,,,,107.98,,,,,32.187,,,,,5208.01,,22.68,32.19,,,,,,3.73,,306.55,,,108.34,41.99,167.53,,5208.01,790.99,5208.01,,,5999.0,
2022-07-12,14935556,,,,259.13,,,,,77.241,,,,,12632.75,,54.42,77.24,,,,,,,,735.64,,134.01,,100.77,402.04,,12632.75,1763.25,12632.75,,,14396.0,
2022-07-12,15537297,,,,1025.79,,,,,477.631,,,259.79,2474.22,49590.045000000006,259.79,215.41500000000002,477.63,,,,,,,,4548.87,,939.04,,398.91999999999996,2817.11,,49590.045000000006,7398.455,49590.045000000006,,11238.0,51369.5,
2022-07-12,15550872,,,,100.42,,,,,29.934,,,,,4843.4,,21.09,29.93,,,,,,3.47,,285.09,,,100.75,39.05,155.8,,4843.4,735.6,4843.4,,,5579.0,
2022-07-12,15550885,,,,367.08,,,,,47.195,,,,,18143.13,,77.09,47.2,,,,,,7.35,,449.48,,195.76,375.87,142.75,587.29,,18143.13,2249.87,18143.13,,11597.0,8796.0,
2022-07-12,15550911,,,,403.14,,,,,109.982,,,,,19341.91,,84.66,109.98,,,,,,13.06,,1047.45,,209.46,402.17,156.78,628.39,,19341.91,3055.09,19341.91,,1899.0,20498.0,
2022-07-12,15550922,,,,205.14,,,,,61.15,,,,,9790.3,,43.08,61.15,,,,,,7.09,,582.39,,106.09,203.7,79.78,318.28,,9790.3,1606.7,9790.3,,,11397.0,
2022-07-12,15550950,,,,154.8,,,,,46.143,,,,,7466.06,,32.51,46.14,,,,,,5.35,,439.46,,,155.31,60.2,240.17,,7466.06,1133.94,7466.06,,,8600.0,
2022-07-12,15554030,,,,181.73,,,,,54.17,,,,,8495.97,,38.16,54.17,,,,,,,,515.91,,93.98,363.46,70.67,281.95,,8495.97,1600.03,8495.97,,,10096.0,
2022-07-12,15554043,,,,125.94,,,,,37.542,,,,,6047.18,,26.45,37.54,,,,,,,,357.55,,,157.95,48.98,195.41,,6047.18,949.82,6047.18,,,6997.0,
2022-07-12,15554056,,,,494.93,,,,,147.529,,,,,24128.24,,103.94,147.53,,,,,,,,1405.05,,255.96,,192.47,767.88,,24128.24,3367.76,24128.24,,,27496.0,
2022-07-12,15554071,,,,122.36,,,,,36.474,,,,,6028.65,,25.7,36.47,,,,,,,,347.38,,,,47.59,189.85,,6028.65,769.35,6028.65,,,6798.0,
2022-07-12,15554084,,,,1072.15,,,,,427.045,,,,,51178.37,,225.15,427.05,,,,,,,,4067.1,,544.24,,416.95,1632.73,,51178.37,8385.37,51178.37,,3299.0,56264.74,
2022-07-12,15554106,,,,588.43,,,,,175.403,,,,,27956.6,,123.57,175.4,,,,,,,,1670.51,,304.32,730.37,228.84,912.96,,27956.6,4734.4,27956.6,,,32691.0,
2022-07-12,15554134,,,,550.63,,,,,164.135,,,,,26844.17,,115.63,164.14,,,,,,,,1563.2,,284.77,,214.14,854.32,,26844.17,3746.83,26844.17,,,30591.0,
2022-07-12,15580405,,,,278.91,,,,,83.138,,,,,13597.14,,58.57,83.14,,,,,,,,791.8,,144.24,,108.47,432.73,,13597.14,1897.86,13597.14,,,15495.0,
2022-07-12,15589105,,,,55.78,,,,,16.627,,,,,2636.72,,11.71,16.63,,,,,,,,158.36,,,111.56,21.69,86.55,,2636.72,462.28,2636.72,,,3099.0,
2022-07-12,15589118,,,,458.92,,,,,136.798,,,,,22373.22,,96.37,136.8,,,,,,,,1302.85,,237.34,,178.47,712.03,,22373.22,3122.78,22373.22,,,25496.0,
2022-07-12,16378521,,,,226.73,,,,,,135.167,,,,11210.67,,47.61,,135.17,,,,,9.48,,643.66,,,234.51,88.17,,,11210.67,1385.33,11210.67,,,12596.0,
2022-07-12,19273970,,,,410.975,,,,,203.835,,,26.29,250.42,20166.765,26.29,86.30499999999999,203.84,,,,,,,,1941.29,,398.81,,159.825,1196.43,,20166.765,2665.6450000000004,20166.765,,4599.0,20532.91,
2022-07-13,4547438,578.2625,,,19274.2875,,,,,12168.056,,9129.81,1604.01,58751.79,1236995.0825,1604.01,4047.6,12168.06,,9129.81,,,,575.965,1533.4,115886.28,,10413.155,25675.2,9779.032500000001,25668.92,,1236995.0825,145780.76,1236995.0825,,1000977.4466666667,1264085.5150000001,2111.6625000000004
2022-07-13,14935528,,,,46.78,,,,,13.944,,,,,2257.94,,9.82,13.94,,,,,,,,132.81,,,46.94,18.19,72.58,,2257.94,341.06,2257.94,,,2599.0,
2022-07-13,14935569,,,,89.96,,,,,26.816,,,,,4432.36,,18.89,26.82,,,,,,,,255.4,,,,34.99,139.58,,4432.36,565.64,4432.36,,,4998.0,
2022-07-13,15537297,83.59,,,2785.59,,,,,907.347,,,,,134937.17,,584.97,907.35,,,,,,,,8641.4,,1433.3,,1083.3,4299.89,,134937.17,19819.39,134937.17,,11798.0,142958.56,
2022-07-13,15550872,,,,210.54,,,,,62.76,,,,,10048.01,,44.21,62.76,,,,,,7.27,,597.72,,108.89,209.06,81.88,326.66,,10048.01,1648.99,10048.01,,,11697.0,
2022-07-13,15550885,,,,294.72,,,,,65.974,,,,,14285.46,,61.89,65.97,,,,,,8.31,,628.33,,154.51,296.66,114.62,463.53,,14285.46,2088.54,14285.46,,4078.0,12296.0,
2022-07-13,15550911,,,,237.52,,,,,42.907,,,,,11615.9,,49.88,42.91,,,,,,5.82,,408.65,,125.5,240.96,92.37,376.49,,11615.9,1580.1,11615.9,,5199.0,7997.0,
2022-07-13,15550922,,,,771.03,,,,,229.831,,,,,36796.26,,161.92,229.83,,,,,,26.64,,2188.87,,398.75,765.6,299.85,1196.25,,36796.26,6038.74,36796.26,,,42835.0,
2022-07-13,15550935,,,,253.71,,,,,75.626,,,,,12107.92,,53.28,75.63,,,,,,8.77,,720.26,,131.21,251.92,98.67,393.63,,12107.92,1987.08,12107.92,,,14095.0,
2022-07-13,15550950,,,,532.64,,,,,158.77,,,,,25419.36,,111.85,158.77,,,,,,18.4,,1512.1,,275.46,528.89,207.14,826.39,,25419.36,4171.64,25419.36,,,29591.0,
2022-07-13,15554030,,,,430.14,,,,,128.219,,,,,20109.77,,90.33,128.22,,,,,,,,1221.14,,222.46,860.29,167.28,667.37,,20109.77,3787.23,20109.77,,,23897.0,
2022-07-13,15554043,,,,349.11,,,,,104.063,,,,,16586.15,,73.31,104.06,,,,,,,,991.09,,180.55,433.32,135.77,541.64,,16586.15,2808.85,16586.15,,,19395.0,
2022-07-13,15554056,,,,86.38,,,,,25.749,,,,,4255.89,,18.14,25.75,,,,,,,,245.23,,,,33.59,134.02,,4255.89,543.11,4255.89,,,4799.0,
2022-07-13,15554071,,,,89.98,,,,,26.822,,,,,4433.25,,18.9,26.82,,,,,,,,255.45,,,,34.99,139.61,,4433.25,565.75,4433.25,,,4999.0,
2022-07-13,15554084,,,,286.12,,,,,85.29,,,,,13949.03,,60.09,85.29,,,,,,,,812.29,,147.98,,111.27,443.93,,13949.03,1946.97,13949.03,,,15896.0,
2022-07-13,15554106,,,,376.07,,,,,101.912,,,,,17968.25,,78.97,101.91,,,,,,,,970.59,,195.46,469.11,146.25,586.39,,17968.25,2924.75,17968.25,,1899.0,18994.0,
2022-07-13,15569812,,,,500.24,,,,,149.112,,,,,23873.11,,105.05,149.11,,,,,,17.28,,1420.12,,258.71,496.72,194.54,776.12,,23873.11,3917.89,23873.11,,,27791.0,
2022-07-13,15589105,,,,116.98,,,,,34.87,,,,,5529.53,,24.57,34.87,,,,,,,,332.1,,,233.96,45.49,181.5,,5529.53,969.47,5529.53,,,6499.0,
2022-07-13,15589118,,,,177.23,,,,,52.828,,,,,8640.04,,37.22,52.83,,,,,,,,503.13,,91.66,,68.92,274.97,,8640.04,1205.96,8640.04,,,9846.0,
2022-07-13,19265106,,,,323.96,,,,,96.568,,,,,15460.71,,68.03,96.57,,,,,,11.19,,919.7,,167.54,321.68,125.99,502.63,,15460.71,2537.29,15460.71,,,17998.0,
2022-07-13,19273970,,,,129.56,,,,,20.92,,,,,6564.6,,27.21,20.92,,,,,,,,199.24,,,,50.39,206.08,,6564.6,633.4,6564.6,,3299.0,3899.0,
2022-07-14,4547438,624.9125,,,20829.364999999998,,,,,14639.73,,3829.8,211.44,20250.9,1285481.1625,211.44,4374.165,14639.73,,3829.8,,,,564.4625,577.32,139426.03,,11260.79,26654.677499999998,10219.7675,28847.11,,1285481.1625,148109.055,1285481.1625,,1037589.7166666667,1310795.86,1202.2325
2022-07-14,14935528,,,,538.13,11.5,,,,279.784,,,,,24730.05,,113.01,279.78,,,,2.42,,28.82,,2664.61,,,517.85,209.27,800.81,,24730.05,5152.28,24743.97,13.92,,29896.25,
2022-07-14,14935569,,,,129.55,11.5,,,,38.615,,,,,6368.56,,27.21,38.62,,,,2.42,,,,367.77,,,,50.38,200.99,,6368.56,814.52,6382.48,13.92,,7197.0,
2022-07-14,15537297,91.9,,,3063.35,11.5,,,,901.345,,,,,149357.97,,643.3,901.35,,,,2.42,,,,8584.24,,1585.41,,1191.32,4756.24,,149357.97,20817.11,149371.89,13.92,2200.0,167989.0,
2022-07-14,15550885,,,,43.18,11.5,,,,12.871,,,,,2070.26,,9.07,12.87,,,,2.42,,,,122.59,,,43.32,16.79,67.0,,2070.26,314.82,2084.18,13.92,,2399.0,
2022-07-14,15550922,,,,30.6,11.5,,,,9.121,,,,,1493.68,,6.43,9.12,,,,2.42,,,,86.87,,,,11.9,47.48,,1493.68,192.4,1507.6,13.92,,1700.0,
2022-07-14,15550935,,,,287.92,11.5,,,,85.826,,,,,13872.95,,60.46,85.83,,,,2.42,,9.95,,817.4,,,288.88,111.97,446.72,,13872.95,2109.13,13886.87,13.92,,15996.0,
2022-07-14,15550950,,,,137.67,11.5,,,,41.036,,,,,6625.92,,28.91,41.04,,,,2.42,,4.76,,390.83,,,138.12,53.54,213.59,,6625.92,1008.46,6639.84,13.92,,7648.3,
2022-07-14,15554043,,,,185.35,11.5,,,,55.25,,,,,8885.57,,38.92,55.25,,,,2.42,,,,526.19,,,232.45,72.08,287.57,,8885.57,1397.81,8899.49,13.92,,10297.3,
2022-07-14,15554056,,,,388.66,11.5,,,,103.522,,,,,19261.66,,81.62,103.52,,,,2.42,,,,985.92,,,,151.15,606.55,,19261.66,2317.42,19275.58,13.92,2299.0,19294.0,
2022-07-14,15554071,,,,197.4,11.5,,,,42.056,,,,,9883.4,,41.45,42.06,,,,2.42,,,,400.54,,,,76.77,311.06,,9883.4,1069.28,9897.32,13.92,3128.3,7838.3,
2022-07-14,15554084,,,,1137.69,11.5,,,,339.126,,,,,56038.1,,238.91,339.13,,,,2.42,,,,3229.78,,,,442.44,1765.13,,56038.1,7153.08,56052.02,13.92,,63205.1,
2022-07-14,15554106,,,,883.46,11.5,,,,180.753,,,,,43230.98,,185.53,180.75,,,,2.42,,,,1721.46,,,1127.05,343.57,1394.28,,43230.98,5836.1,43244.9,13.92,15393.0,33688.0,
2022-07-14,15554134,,,,32.38,11.5,,,,9.652,,,,,1581.49,,6.8,9.65,,,,2.42,,,,91.93,,,,12.59,50.24,,1581.49,203.59,1595.41,13.92,,1799.0,
2022-07-14,15589105,,,,388.72,11.5,,,,115.873,,,,,18360.56,,81.63,115.87,,,,2.42,,,,1103.56,,,777.46,151.17,603.11,,18360.56,3221.52,18374.48,13.92,,21596.0,
2022-07-14,15589118,,,,111.56,11.5,,,,33.255,,,,,5482.63,,23.43,33.26,,,,2.42,,,,316.72,,,,43.39,173.09,,5482.63,701.45,5496.55,13.92,,6198.0,
2022-07-14,17938116,,,,74.11,11.5,,,,19.414,,,,,3664.83,,15.56,19.41,,,,2.42,,,,184.9,,,,28.82,115.75,,3664.83,438.55,3678.75,13.92,499.0,3618.3,
2022-07-14,19265106,,,,144.87,11.5,,,,43.183,,,,,6973.18,,30.42,43.18,,,,2.42,,5.01,,411.27,,,145.35,56.34,224.76,,6973.18,1061.2,6987.1,13.92,,8048.3,
2022-07-14,19273970,,,,1170.91,11.5,,,,367.673,,,,,57484.28,,245.89,367.67,,,,2.42,,,,3501.66,,,,455.36,1811.35,,57484.28,7552.84,57498.2,13.92,4399.0,60652.04,
2022-07-15,4547438,890.115,,,29669.3575,,,,,21813.955,,2204.78,272.74,13096.4,1726757.3699999999,272.74,6230.5650000000005,21813.96,,2204.78,,,,804.45,353.92,207751.98,,15940.7625,35812.345,13961.16,42718.2775,,1726757.3699999999,207400.47749999998,1726757.3699999999,,1313915.2933333332,1897442.7550000001,1244.035
2022-07-15,14935528,,,,299.81,,,,,80.789,,,,,14547.1,,62.96,80.79,,,,,,9.62,,769.43,,,302.39,116.59,467.61,,14547.1,2109.2,14547.1,,1599.0,15057.3,
2022-07-15,15537297,109.06,,,3635.45,,,,,1217.452,,,,,175767.53,,763.44,1217.45,,,,,,,,11594.79,,1867.41,,1413.8,5602.23,,175767.53,26203.63,175767.53,,11038.0,190933.16,
2022-07-15,15550872,,,,508.96,11.5,,,,151.712,,,,,24533.45,,106.88,151.71,,,,2.42,,17.58,,1444.88,,,510.64,197.93,789.65,,24533.45,3728.23,24547.37,13.92,,28275.6,
2022-07-15,15550911,,,,339.23,11.5,,,,101.119,,,,,16347.43,,71.24,101.12,,,,2.42,,11.72,,963.05,,,340.35,131.92,526.32,,16347.43,2484.95,16361.35,13.92,,18846.3,
2022-07-15,15550922,,,,122.38,,,,,36.48,,,,,5902.52,,25.7,36.48,,,,,,4.23,,347.43,,,122.79,47.59,189.88,,5902.52,896.48,5902.52,,,6799.0,
2022-07-15,15550935,,,,722.46,,,,,212.404,,,,,34874.7,,151.72,212.4,,,,,,24.71,,2022.9,,,725.4,280.96,1121.75,,34874.7,5262.3,34874.7,,550.0,39587.0,
2022-07-15,15554030,,,,89.79,11.5,,,,26.764,,,,,4230.26,,18.86,26.76,,,,2.42,,,,254.9,,,179.58,34.92,139.31,,4230.26,744.12,4244.18,13.92,,4988.3,
2022-07-15,15554043,,,,476.46,,,,,142.024,,,,,22876.7,,100.06,142.02,,,,,,,,1352.61,,,597.54,185.29,739.22,,22876.7,3593.2,22876.7,,,26469.9,
2022-07-15,15554056,,,,89.98,,,,,,,,,,4707.86,,18.9,,,,,,,,,,,,,34.99,147.27,,4707.86,291.14,4707.86,,4999.0,,
2022-07-15,15554071,,,,228.99,,,,,68.257,,,,,11281.86,,48.09,68.26,,,,,,,,650.07,,,,89.05,355.28,,11281.86,1439.74,11281.86,,,12721.6,
2022-07-15,15554084,,,,849.53,,,,,253.23,,,,,41854.8,,178.4,253.23,,,,,,,,2411.72,,,,330.37,1318.05,,41854.8,5341.3,41854.8,,,47196.1,
2022-07-15,15554097,,,,251.4,11.5,,,,67.857,,,,,12444.92,,52.79,67.86,,,,2.42,,,,646.26,,,,97.77,392.08,,12444.92,1508.16,12458.84,13.92,1320.0,12647.0,
2022-07-15,15554106,,,,867.24,,,,,258.509,,,,,41639.72,,182.12,258.51,,,,,,,,2462.0,,,1087.63,337.26,1345.52,,41639.72,6540.28,41639.72,,,48180.0,
2022-07-15,15554134,,,,184.41,,,,,13.408,,,,,9511.04,,38.73,13.41,,,,,,,,127.7,,,,71.72,297.99,,9511.04,733.96,9511.04,,7746.0,2499.0,
2022-07-15,15589105,,,,527.29,,,,,157.177,,,,,24924.15,,110.73,157.18,,,,,,,,1496.92,,,1054.58,205.06,818.09,,24924.15,4369.85,24924.15,,,29294.0,
2022-07-15,15589118,,,,324.09,,,,,96.607,,,,,15967.6,,68.06,96.61,,,,,,,,920.07,,,,126.04,502.83,,15967.6,2037.7,15967.6,,,18005.3,
2022-07-15,16378521,,,,172.51,11.5,,,,,196.636,,,,7979.72,,36.23,,196.64,,,2.42,,12.08,,936.36,,,169.5,67.09,,,7979.72,1590.41,7993.64,13.92,,9584.05,
2022-07-15,19265106,,,,666.08,,,,,194.527,,,,,32165.87,,139.88,194.53,,,,,,22.67,,1852.65,,,669.02,259.03,1034.57,,32165.87,4838.43,32165.87,,749.0,36255.3,
2022-07-15,19273970,,,,408.09,,,,,121.644,,,,,20105.8,,85.7,121.64,,,,,,,,1158.52,,,,158.7,633.15,,20105.8,2565.8,20105.8,,,22671.6,
2022-07-18,4547438,2287.9500000000003,,,57588.86,,,,,51381.135,,1931.59,1002.92,18749.84,3105476.5375,1002.92,12093.66,51381.14,,1931.59,,,,1667.815,419.2,489344.23,,30496.574999999997,64477.06,24738.1725,85682.245,,3105476.5375,419167.58,3105476.5375,,1690340.9033333333,4513776.88,2707.15
2022-07-18,14935528,,,,916.91,,,,,273.314,,,,,44222.68,,192.55,273.31,,,,,,31.68,,2602.99,,,919.93,356.57,1422.58,,44222.68,6716.52,44222.68,,,50939.2,
2022-07-18,14935530,,,,248.49,11.5,,,,74.07,,,,,11970.75,,52.18,74.07,,,,2.42,,8.59,,705.43,,,249.31,96.63,385.53,,11970.75,1820.23,11984.67,13.92,,13804.9,
2022-07-18,14935556,,,,89.96,11.5,,,,26.816,,,,,4418.44,,18.89,26.82,,,,2.42,,,,255.4,,,,34.99,139.58,,4418.44,565.64,4432.36,13.92,,4998.0,
2022-07-18,14935569,,,,147.56,,,,,43.986,,,,,7270.2,,30.99,43.99,,,,,,,,418.92,,,,57.39,228.95,,7270.2,927.8,7270.2,,,8198.0,
2022-07-18,15537297,234.65,,,7821.22,,,,,2436.804,,,,,379992.52,,1642.46,2436.8,,,,,,,,23207.67,,4034.88,,3041.62,12104.63,,379992.52,54523.93,379992.52,,3999.0,430517.45,
2022-07-18,15550872,,,,876.36,,,,,319.51,,,,,41676.31,,184.04,319.51,,,,,,35.27,,3042.96,,,868.49,340.81,1343.02,,41676.31,7010.46,41676.31,,,48686.77,
2022-07-18,15550885,,,,346.05,,,,,88.671,,,,,16837.22,,72.67,88.67,,,,,,10.71,,844.49,,,349.87,134.58,541.04,,16837.22,2388.08,16837.22,,2699.0,16526.3,
2022-07-18,15550898,,,,338.36,11.5,,,,100.86,,,,,16305.49,,71.06,100.86,,,,2.42,,11.69,,960.58,,,339.48,131.59,524.97,,16305.49,2478.59,16319.41,13.92,,18798.0,
2022-07-18,15550911,,,,463.15,,,,,138.056,,,,,22337.83,,97.26,138.06,,,,,,16.0,,1314.83,,,464.68,180.11,718.58,,22337.83,3392.67,22337.83,,,25730.5,
2022-07-18,15550922,,,,521.13,,,,,155.342,,,,,25134.57,,109.44,155.34,,,,,,18.01,,1479.45,,,522.86,202.66,808.54,,25134.57,3817.43,25134.57,,,28952.0,
2022-07-18,15550935,74.31,,,2476.88,,,,,734.197,,,,,118174.07,,520.14,734.2,,,,,,85.22,,6992.35,,1281.37,2460.23,963.24,3844.11,,118174.07,19432.05,118174.07,,11297.0,126309.12,
2022-07-18,15550950,,,,769.24,,,,,229.299,,,,,37100.92,,161.54,229.3,,,,,,26.58,,2183.8,,,771.79,299.15,1193.48,,37100.92,5634.88,37100.92,,,42735.8,
2022-07-18,15554030,,,,401.74,,,,,71.316,,,,,19485.42,,84.37,71.32,,,,,,,,679.2,,,803.48,156.23,637.14,,19485.42,2833.48,19485.42,,9027.3,13291.6,
2022-07-18,15554043,,,,192.56,,,,,57.4,,,,,9245.78,,40.44,57.4,,,,,,,,546.67,,,241.5,74.89,298.76,,9245.78,1452.22,9245.78,,,10698.0,
2022-07-18,15554056,,,,681.31,,,,,250.363,,,,,33083.59,,143.08,250.36,,,,,,,,2384.42,,,,264.96,1043.57,,33083.59,4767.7,33083.59,,,37851.29,
2022-07-18,15554071,,,,601.96,,,,,179.434,,,,,29657.56,,126.41,179.43,,,,,,,,1708.9,,,,234.1,933.94,,29657.56,3784.74,29657.56,,,33442.3,
2022-07-18,15554084,,,,1370.29,,,,,408.46,,,,,67511.79,,287.76,408.46,,,,,,,,3890.1,,,,532.89,2126.01,,67511.79,8615.51,67511.79,,,76127.3,
2022-07-18,15554097,,,,87.08,,,,,15.93,,,,,4393.13,,18.29,15.93,,,,,,,,151.72,,,,33.87,137.98,,4393.13,444.87,4393.13,,1869.0,2969.0,
2022-07-18,15554106,74.47,,,2482.31,,,,,712.045,,,,,118136.05,,521.29,712.05,,,,,,,,6781.38,,1286.42,3087.42,965.34,3859.27,,118136.05,19769.95,118136.05,,5198.0,132708.0,
2022-07-18,15554134,,,,623.5,,,,,172.452,,,,,30857.0,,130.94,172.45,,,,,,,,1642.41,,,,242.48,971.22,,30857.0,3783.0,30857.0,,2499.0,32141.0,
2022-07-18,15569812,,,,410.96,11.5,,,,122.5,,,,,19806.9,,86.3,122.5,,,,2.42,,14.2,,1166.67,,,412.32,159.82,637.61,,19806.9,3010.38,19820.82,13.92,,22831.2,
2022-07-18,15580405,,,,134.95,11.5,,,,40.225,,,,,6634.61,,28.34,40.23,,,,2.42,,,,383.1,,,,52.48,209.37,,6634.61,848.47,6648.53,13.92,,7497.0,
2022-07-18,15589105,,,,958.18,,,,,285.621,,,,,45292.11,,201.22,285.62,,,,,,,,2720.21,,,1916.39,372.63,1486.64,,45292.11,7940.89,45292.11,,,53233.0,
2022-07-18,15589118,,,,363.65,,,,,108.4,,,,,17916.85,,76.37,108.4,,,,,,,,1032.39,,,,141.42,564.22,,17916.85,2286.45,17916.85,,,20203.3,
2022-07-18,16378521,,,,124.59,,,,,,74.275,,,,6160.35,,26.16,,74.28,,,,,5.21,,353.69,,,128.87,48.45,,,6160.35,761.25,6160.35,,,6921.6,
2022-07-18,17938116,,,,107.98,,,,,32.187,,,,,5320.08,,22.68,32.19,,,,,,,,306.55,,,,41.99,167.53,,5320.08,678.92,5320.08,,,5999.0,
2022-07-18,19265106,,,,174.16,,,,,51.914,,,,,8399.84,,36.57,51.91,,,,,,6.02,,494.42,,,174.74,67.73,270.21,,8399.84,1275.76,8399.84,,,9675.6,
2022-07-18,19273970,,,,1625.1,,,,,454.913,,,,,80368.43,,341.27,454.91,,,,,,,,4332.51,,,,631.99,2529.79,,80368.43,9915.57,80368.43,,5499.0,84785.0,
2022-07-19,4547438,1017.8666666666668,,,25672.43,,,,,13262.52,,2998.21,548.11,19497.09,1989442.17,548.11,5391.210000000001,13262.52,,2998.21,,,,562.7625,506.6,126309.74,,14431.705000000002,41136.14,15182.425,30131.112500000003,,1989442.17,174051.7525,1989442.17,,2060831.2833333332,1235740.9200000002,1524.4666666666667
2022-07-19,14935528,,,,205.13,,,,,61.146,,,,,9893.56,,43.08,61.15,,,,,,7.09,,582.35,,,205.81,79.77,318.26,,9893.56,1502.64,9893.56,,,11396.2,
2022-07-19,15537297,77.61,,,2587.37,,,,,691.87,,,,,126865.65,,543.35,691.87,,,,,,,,6589.25,,1345.67,,1006.21,4037.02,,126865.65,16878.35,126865.65,,14796.0,128948.0,
2022-07-19,15550885,,,,499.22,,,,,118.831,,,,,24381.64,,104.84,118.83,,,,,,14.68,,1131.73,,,506.41,194.14,783.11,,24381.64,3352.96,24381.64,,5587.3,22147.3,
2022-07-19,15550898,,,,339.55,,,,,78.956,,,,,16602.47,,71.31,78.96,,,,,,9.82,,751.97,,,344.79,132.05,533.18,,16602.47,2261.63,16602.47,,4148.5,14715.6,
2022-07-19,15550911,,,,359.96,,,,,107.299,,,,,17361.19,,75.59,107.3,,,,,,12.44,,1021.9,,,361.15,139.99,558.48,,17361.19,2636.81,17361.19,,,19998.0,
2022-07-19,15550922,,,,779.73,,,,,206.147,,,,,37873.6,,163.74,206.15,,,,,,24.69,,1963.31,,,787.17,303.23,1217.28,,37873.6,5445.3,37873.6,,4898.0,38420.9,
2022-07-19,15550935,,,,496.17,,,,,99.616,,,,,24420.18,,104.2,99.62,,,,,,13.0,,948.73,,,506.73,192.96,783.61,,24420.18,3145.02,24420.18,,8999.0,18566.2,
2022-07-19,15550950,,,,135.85,,,,,40.495,,,,,6552.16,,28.53,40.5,,,,,,4.69,,385.67,,,136.3,52.83,210.77,,6552.16,995.14,6552.16,,,7547.3,
2022-07-19,15554030,,,,102.56,,,,,30.572,,,,,4848.01,,21.54,30.57,,,,,,,,291.17,,,205.13,39.89,159.13,,4848.01,849.99,4848.01,,,5698.0,
2022-07-19,15554043,,,,170.06,,,,,,,,,,8672.3,,35.71,,,,,,,,,,,,224.98,66.13,278.32,,8672.3,775.2,8672.3,,9447.5,,
2022-07-19,15554056,,,,615.47,,,,,215.988,,,,,29989.7,,129.25,215.99,,,,,,,,2057.03,,,,239.35,945.6,,29989.7,4202.69,29989.7,,,34192.39,
2022-07-19,15554071,,,,70.53,,,,,,,,,,3690.19,,14.81,,,,,,,,,,,,,27.43,115.44,,3690.19,228.21,3690.19,,3918.4,,
2022-07-19,15554084,,,,85.29,,,,,,,,,,4462.24,,17.91,,,,,,,,,,,,,33.17,139.59,,4462.24,275.96,4462.24,,4738.2,,
2022-07-19,15554097,,,,184.48,,,,,,,,,,9652.1,,38.74,,,,,,,,,,,,,71.74,301.94,,9652.1,596.9,9652.1,,10249.0,,
2022-07-19,15554106,,,,559.51,,,,,166.781,,,,,26864.45,,117.5,166.78,,,,,,,,1588.39,,,701.7,217.59,868.08,,26864.45,4219.55,26864.45,,,31084.0,
2022-07-19,15554134,,,,242.725,,,,,9.116,,,285.6,2720.01,11522.065,285.6,50.97,9.12,,,,,,,,86.82,,,,94.38999999999999,47.45,,11522.065,1962.585,11522.065,,,13484.65,
2022-07-19,15569812,,,,212.36,,,,,63.302,,,,,10242.38,,44.6,63.3,,,,,,7.34,,602.88,,,213.07,82.59,329.48,,10242.38,1555.62,10242.38,,,11798.0,
2022-07-19,15589105,,,,479.52,,,,,142.938,,,,,22666.31,,100.7,142.94,,,,,,,,1361.32,,,959.05,186.48,743.98,,22666.31,3973.99,22666.31,,,26640.3,
2022-07-19,15589118,,,,134.05,,,,,39.956,,,,,6604.2,,28.15,39.96,,,,,,,,380.54,,,,52.13,207.97,,6604.2,842.8,6604.2,,,7447.0,
2022-07-19,16378521,,,,45.35,,,,,,27.033,,,,2242.14,,9.52,,27.03,,,,,1.9,,128.73,,,46.9,17.63,,,2242.14,277.06,2242.14,,,2519.2,
2022-07-19,19265106,,,,83.51,,,,,24.891,,,,,4027.5,,17.54,24.89,,,,,,2.89,,237.06,,,83.78,32.47,129.56,,4027.5,611.7,4027.5,,,4639.2,
2022-07-19,19273970,,,,801.27,,,,,198.883,,,,,39886.64,,168.27,198.88,,,,,,,,1894.13,,,,311.61,1254.6,,39886.64,4628.76,39886.64,,7448.3,37067.1,
2022-07-20,4547438,911.6833333333334,145659.63,,23167.3425,,,,,16001.215,,8514.46,,49422.73,1452713.8525,932.15,4865.1425,16001.22,,8514.46,,,,668.6075,1349.49,152392.54,145659.63,12457.015000000001,29394.500000000004,11114.63,32001.420000000002,,1452713.8525,171505.5675,1416298.9449999998,,1081288.4566666668,1553676.34,2261.173333333333
2022-07-20,14935528,,324.54,,,,,,,,,,,,324.54,,,,,,,,,,,,324.54,,,,,,324.54,,,,,,
2022-07-20,14935530,,114.43,,,,,,,,,,,,114.43,,,,,,,,,,,,114.43,,,,,,114.43,,,,,,
2022-07-20,14935556,,185.65,,,,,,,,,,,,185.65,,,,,,,,,,,,185.65,,,,,,185.65,,,,,,
2022-07-20,14935569,,242.65,,,,,,,,,,,,242.65,,,,,,,,,,,,242.65,,,,,,242.65,,,,,,
2022-07-20,15537297,,6887.12,,1335.84,,,,,398.195,,,,,36351.07,,280.53,398.2,,,,,,,,3792.34,6887.12,,,519.5,2072.57,,36351.07,8398.98,65815.02,,,74214.0,
2022-07-20,15550872,,627.32,,,,,,,,,,,,627.32,,,,,,,,,,,,627.32,,,,,,627.32,,,,,,
2022-07-20,15550885,,599.08,,,,,,,,,,,,599.08,,,,,,,,,,,,599.08,,,,,,599.08,,,,,,
2022-07-20,15550898,,365.96,,,,,,,,,,,,365.96,,,,,,,,,,,,365.96,,,,,,365.96,,,,,,
2022-07-20,15550911,,277.47,,,,,,,,,,,,277.47,,,,,,,,,,,,277.47,,,,,,277.47,,,,,,
2022-07-20,15550922,,725.83,,498.24,,,,,378.346,,,147.18,1401.67,23282.995,147.18,104.63,378.35,,,,,,27.005,,3603.3,725.83,,479.765,193.755,1381.74,,23282.995,4759.515,22920.079999999998,,,27679.594999999998,
2022-07-20,15550935,,886.35,,83.315,,,,,33.797,,,33.43,318.41,4410.475,33.43,17.494999999999997,33.8,,,,,,3.63,,321.88,886.35,,82.745,32.400000000000006,175.91,,4410.475,661.3,3967.3,,,4628.6,
2022-07-20,15550950,,575.88,,75.56,,,,,22.524,,,,,2110.18,,15.87,22.52,,,,,,2.61,,214.52,575.88,,75.81,29.39,117.24,,2110.18,553.52,3644.48,,,4198.0,
2022-07-20,15554030,,373.97,,756.15,,,,,225.395,,,,,18057.845,,158.79,225.4,,,,,,,,2146.62,373.97,,1512.3,294.06,1173.16,,18057.845,6266.48,35741.72,,,42008.2,
2022-07-20,15554043,,547.21,,615.84,,,,,153.968,,,,,15205.96,,129.33,153.97,,,,,,,,1466.37,547.21,,779.17,239.49,963.92,,15205.96,4348.09,29864.71,,5516.8,28696.0,
2022-07-20,15554056,,849.0,,207.3,,,,,61.792,,,,,5531.12,,43.53,61.79,,,,,,,,588.5,849.0,,,80.62,321.62,,5531.12,1303.36,10213.24,,,11516.6,
2022-07-20,15554071,,547.04,,199.39,,,,,59.436,,,,,5185.4400000000005,,41.87,59.44,,,,,,,,566.06,547.04,,,77.54,309.36,,5185.4400000000005,1253.66,9823.84,,,11077.5,
2022-07-20,15554084,,1341.19,,766.95,,,,,197.501,,,,,19723.065000000002,,161.06,197.5,,,,,,,,1880.97,1341.19,,,298.26,1198.82,,19723.065000000002,4503.56,38104.94,,5799.0,36809.5,
2022-07-20,15554097,,431.56,,82.14,,,,,24.484,,,,,2239.21,,17.25,24.48,,,,,,,,233.19,431.56,,,31.94,127.44,,2239.21,516.44,4046.86,,,4563.3,
2022-07-20,15554106,,1385.09,,144.86,,,,,43.181,,,,,4170.255,,30.42,43.18,,,,,,,,411.25,1385.09,,181.68,56.34,224.75,,4170.255,1092.48,6955.42,,,8047.9,
2022-07-20,15554121,,49.33,,,,,,,,,,,,49.33,,,,,,,,,,,,49.33,,,,,,49.33,,,,,,
2022-07-20,15554134,,430.99,,326.92,,,,,97.449,,,,,8268.86,,68.65,97.45,,,,,,,,928.09,430.99,,,127.14,507.22,,8268.86,2055.47,16106.73,,,18162.2,
2022-07-20,15569812,,314.01,,,,,,,,,,,,314.01,,,,,,,,,,,,314.01,,,,,,314.01,,,,,,
2022-07-20,15580405,,293.5,,,,,,,,,,,,293.5,,,,,,,,,,,,293.5,,,,,,293.5,,,,,,
2022-07-20,15589105,,785.78,,579.39,,,,,216.613,,,,,13861.574999999999,,121.67,216.61,,,,,,,,2062.99,785.78,,1158.79,225.32,886.38,,13861.574999999999,5251.15,26937.37,,,32188.52,
2022-07-20,15589118,,467.79,,,,,,,,,,,,467.79,,,,,,,,,,,,467.79,,,,,,467.79,,,,,,
2022-07-20,16378521,,264.27,,173.13,,,,,,103.215,,,,4412.405000000001,,36.36,,103.22,,,,,7.24,,491.5,264.27,,179.08,67.33,,,4412.405000000001,1057.86,8560.54,,,9618.4,
2022-07-20,17938116,,89.69,,,,,,,,,,,,89.69,,,,,,,,,,,,89.69,,,,,,89.69,,,,,,
2022-07-20,18086170,,26.23,,,,,,,,,,,,26.23,,,,,,,,,,,,26.23,,,,,,26.23,,,,,,
2022-07-20,19265106,,618.95,,162.33,,,,,48.387,,,,,4224.03,,34.09,48.39,,,,,,5.61,,460.83,618.95,,162.86,63.13,251.85,,4224.03,1189.09,7829.11,,,9018.2,
2022-07-20,19273970,,1436.36,,237.51,,,,,70.797,,,,,6569.015,,49.88,70.8,,,,,,,,674.27,1436.36,,,92.37,368.5,,6569.015,1493.33,11701.67,,,13195.0,
2022-07-21,4547438,767.9125000000001,,,25594.829999999998,,,,,17620.34,,2489.48,347.26,15161.89,1534034.385,347.26,5374.9125,17620.34,,2489.48,,,,662.95,405.25,167812.78,,13816.262499999999,31796.625,11978.8825,36282.704999999994,,1534034.385,177234.33000000002,1534034.385,,1235196.6666666667,1569742.43,1173.1625000000001
2022-07-21,14935528,,,,182.24,,,,,54.321,,,,,9066.41,,38.27,54.32,,,,,,6.3,,517.35,,,188.49,70.87,,,9066.41,1057.84,9066.41,,,10124.25,
2022-07-21,14935556,,,,255.52,,,,,53.107,,,,,13228.35,,53.66,53.11,,,,,,,,505.79,,,,99.37,,,13228.35,967.45,13228.35,,4297.8,9898.0,
2022-07-21,14935569,,,,113.35,,,,,33.786,,,,,5760.2,,23.8,33.79,,,,,,,,321.78,,,,44.08,,,5760.2,536.8,5760.2,,,6297.0,
2022-07-21,15537297,115.1,,,3836.52,,,,,1150.563,,,,,186849.6,,805.67,1150.56,,,,,,,,10957.75,,1983.47,,1491.99,5950.4,,186849.6,26291.46,186849.6,,4159.0,208982.06,
2022-07-21,15550872,,,,161.23,,,,,48.059,,,,,8021.3,,33.86,48.06,,,,,,5.57,,457.71,,,166.77,62.7,,,8021.3,935.9,8021.3,,,8957.2,
2022-07-21,15550885,,,,358.25,,,,,53.206,,,,,18381.33,,75.23,53.21,,,,,,7.78,,506.73,,,380.75,139.32,,,18381.33,1521.27,18381.33,,9986.2,9916.4,
2022-07-21,15550898,,,,178.86,,,,,53.315,,,,,8898.55,,37.56,53.32,,,,,,6.18,,507.77,,,185.0,69.56,,,8898.55,1038.25,8898.55,,,9936.8,
2022-07-21,15550911,,,,484.44,,,,,249.401,,,,,23007.43,,101.73,249.4,,,,,,25.74,,2375.25,,,481.08,188.39,,,23007.43,3906.03,23007.43,,599.0,26314.46,
2022-07-21,15550922,,,,415.73,,,,,123.923,,,,,20683.09,,87.3,123.92,,,,,,14.36,,1180.22,,,430.01,161.67,,,20683.09,2413.21,20683.09,,,23096.3,
2022-07-21,15550935,,,,584.06,,,,,174.096,,,,,28169.08,,122.65,174.1,,,,,,20.18,,1658.06,,,585.98,227.13,906.16,,28169.08,4278.32,28169.08,,,32447.4,
2022-07-21,15550950,,,,223.15,,,,,66.516,,,,,11101.68,,46.86,66.52,,,,,,7.71,,633.49,,,230.81,86.78,,,11101.68,1295.32,11101.68,,,12397.0,
2022-07-21,15554030,,,,213.08,,,,,63.513,,,,,10402.16,,44.75,63.51,,,,,,,,604.89,,,426.15,82.86,,,10402.16,1435.24,10402.16,,,11837.4,
2022-07-21,15554056,,,,637.41,,,,,190.0,,,,,31403.88,,133.86,190.0,,,,,,,,1809.53,,,,247.88,988.94,,31403.88,4007.62,31403.88,,,35411.5,
2022-07-21,15554071,,,,330.3,,,,,98.458,,,,,16786.03,,69.36,98.46,,,,,,,,937.7,,,,128.45,,,16786.03,1564.27,16786.03,,,18350.3,
2022-07-21,15554084,,,,1228.69,,,,,637.3,,,,,57759.61,,258.02,637.3,,,,,,,,6069.53,,,,477.82,1828.85,,57759.61,10500.21,57759.61,,1749.3,66510.52,
2022-07-21,15554097,,,,72.04,,,,,,,,,,3886.82,,15.13,,,,,,,,,,,,,28.01,,,3886.82,115.18,3886.82,,4002.0,,
2022-07-21,15554106,,,,1224.82,,,,,365.097,,,,,58808.45,,257.21,365.1,,,,,,,,3477.12,,,1536.08,476.32,1900.3,,58808.45,9236.95,58808.45,,,68045.4,
2022-07-21,15554134,,,,821.38,,,,,244.835,,,,,40467.25,,172.49,244.84,,,,,,,,2331.77,,,,319.42,1274.35,,40467.25,5164.25,40467.25,,,45631.5,
2022-07-21,15569812,,,,89.98,,,,,26.822,,,,,4476.69,,18.9,26.82,,,,,,3.11,,255.45,,,93.07,34.99,,,4476.69,522.32,4476.69,,,4999.01,
2022-07-21,15589105,,,,407.32,,,,,208.169,,,,,18972.44,,85.54,208.17,,,,,,,,1982.57,,,814.65,158.4,,,18972.44,3656.65,18972.44,,,22629.09,
2022-07-21,16378521,,,,208.9,,,,,,124.538,,,,10329.11,,43.87,,124.54,,,,,8.73,,593.04,,,216.07,81.24,,,10329.11,1276.39,10329.11,,,11605.5,
2022-07-21,19265106,,,,133.15,,,,,39.689,,,,,6624.3,,27.96,39.69,,,,,,4.6,,378.0,,,137.72,51.78,,,6624.3,772.9,6624.3,,,7397.2,
2022-07-21,19273970,,,,1259.58,,,,,378.396,,,,,62026.99,,264.51,378.4,,,,,,,,3603.78,,,,489.84,1953.39,,62026.99,7949.5,62026.99,,3999.2,65977.29,
2022-07-22,4547438,1181.53,,,29925.525,,,,,23770.041,,5463.92,472.55,30519.08,1678962.13,472.55,6284.36,23770.04,,5463.92,,,,847.3575000000001,848.08,226381.36,,15934.6575,34854.979999999996,13275.230000000001,43627.07,,1678962.13,217499.08500000002,1678962.13,,1141764.4333333333,2080275.78,2029.6100000000001
2022-07-22,14935528,,,,355.41,,,,,105.941,,,,,17681.85,,74.64,105.94,,,,,,12.28,,1008.96,,,367.61,138.21,,,17681.85,2063.05,17681.85,,,19744.9,
2022-07-22,14935530,,,,32.75,,,,,,,,,,1766.93,,6.88,,,,,,,,,,,,,12.74,,,1766.93,52.37,1766.93,,1819.3,,
2022-07-22,14935556,,,,79.51,,,,,23.701,,,,,4040.84,,16.7,23.7,,,,,,,,225.73,,,,30.92,,,4040.84,376.56,4040.84,,,4417.4,
2022-07-22,14935569,,,,182.61,,,,,44.245,,,,,9387.68,,38.35,44.25,,,,,,,,421.39,,,,71.02,,,9387.68,757.62,9387.68,,1899.0,8246.3,
2022-07-22,15537297,138.81,,,4626.21,,,,,1408.708,,,,,225094.22,,971.5,1408.71,,,,,,,,13416.27,,2389.71,,1799.1,7169.14,,225094.22,31919.45,225094.22,,8609.0,248404.67,
2022-07-22,15550885,,,,655.24,,,,,195.316,,,,,31602.43,,137.6,195.32,,,,,,22.64,,1860.15,,,657.4,254.82,1016.6,,31602.43,4799.77,31602.43,,,36402.2,
2022-07-22,15550898,,,,393.06,,,,,174.898,,,,,18953.49,,82.54,174.9,,,,,,18.53,,1665.7,,,395.56,152.86,,,18953.49,2883.15,18953.49,,,21836.64,
2022-07-22,15550911,,,,104.38,,,,,31.114,,,,,5193.09,,21.92,31.11,,,,,,3.61,,296.33,,,107.97,40.59,,,5193.09,605.91,5193.09,,,5799.0,
2022-07-22,15550922,,,,19.79,,,,,,,,,,1068.05,,4.16,,,,,,,,,,,,,7.7,,,1068.05,31.65,1068.05,,1099.7,,
2022-07-22,15550935,,,,1338.92,,,,,440.308,,,,,64159.49,,281.17,440.31,,,,,,49.79,,4193.42,,,1335.74,520.7,2065.58,,64159.49,10225.63,64159.49,,,74385.12,
2022-07-22,15550950,,,,485.6,,,,,144.749,,,,,24159.1,,101.98,144.75,,,,,,16.78,,1378.57,,,502.27,188.85,,,24159.1,2818.8,24159.1,,,26977.9,
2022-07-22,15554043,,,,446.82,,,,,133.187,,,,,22129.25,,93.83,133.19,,,,,,,,1268.46,,,577.69,173.76,,,22129.25,2693.75,22129.25,,,24823.0,
2022-07-22,15554056,,,,482.94,,,,,143.955,,,,,24542.67,,101.42,143.96,,,,,,,,1371.0,,,,187.81,,,24542.67,2287.13,24542.67,,,26829.8,
2022-07-22,15554071,,,,348.17,,,,,103.782,,,,,17693.63,,73.12,103.78,,,,,,,,988.4,,,,135.4,,,17693.63,1648.87,17693.63,,,19342.5,
2022-07-22,15554084,,,,637.43,,,,,190.005,,,,,31404.68,,133.86,190.01,,,,,,,,1809.57,,,,247.89,988.96,,31404.68,4007.72,31404.68,,,35412.4,
2022-07-22,15554106,,,,364.42,,,,,108.627,,,,,18048.49,,76.53,108.63,,,,,,,,1034.55,,,471.16,141.72,,,18048.49,2197.01,18048.49,,,20245.5,
2022-07-22,15554134,,,,633.87,,,,,172.265,,,,,31400.11,,133.11,172.27,,,,,,,,1640.63,,,,246.5,988.21,,31400.11,3814.59,31400.11,,3108.5,32106.2,
2022-07-22,15569812,,,,248.32,,,,,74.022,,,,,12354.53,,52.15,74.02,,,,,,8.58,,704.98,,,256.85,96.57,,,12354.53,1441.47,12354.53,,,13796.0,
2022-07-22,15589105,,,,511.92,,,,,152.593,,,,,24991.51,,107.5,152.59,,,,,,,,1453.27,,,1023.83,199.08,,,24991.51,3448.19,24991.51,,,28439.7,
2022-07-22,15589118,,,,678.03,,,,,285.955,,,,,32546.54,,142.39,285.96,,,,,,,,2723.38,,,,263.68,1028.0,,32546.54,5121.44,32546.54,,,37667.98,
2022-07-22,16378521,,,,859.76,,,,,,512.556,,,,42510.92,,180.55,,512.56,,,,,35.94,,2440.75,,,889.27,334.35,,,42510.92,5253.18,42510.92,,,47764.1,
2022-07-22,19265106,,,,26.98,,,,,,,,,,1455.86,,5.67,,,,,,,,,,,,,10.49,,,1455.86,43.14,1455.86,,1499.0,,
2022-07-22,19273970,,,,904.74,,,,,269.691,,,,,44575.51,,190.0,269.69,,,,,,,,2568.49,,,,351.85,1403.72,,44575.51,5688.49,44575.51,,,50264.0,
2022-07-25,4547438,2211.5866666666666,,,55568.74249999999,,,,,47761.839,,1160.57,197.9,7411.3,2979722.0149999997,197.9,11669.4375,47761.84,,1160.57,,,,1540.2624999999998,194.06,454874.69,,39107.86666666666,61847.995,23632.852499999997,83250.66,,2979722.0149999997,396399.63,2979722.0149999997,,1694932.0933333335,4209845.15,2405.6466666666665
2022-07-25,14935528,,,,179.98,,,,,53.649,,,,,8954.25,,37.8,53.65,,,,,,6.22,,510.95,,,186.16,69.99,,,8954.25,1044.75,8954.25,,,9999.0,
2022-07-25,14935530,,,,240.76,,,,,71.767,,,,,11978.13,,50.56,71.77,,,,,,8.32,,683.5,,,249.03,93.63,,,11978.13,1397.57,11978.13,,,13375.7,
2022-07-25,14935569,,,,250.14,,,,,74.564,,,,,12712.35,,52.53,74.56,,,,,,,,710.14,,,,97.28,,,12712.35,1184.65,12712.35,,,13897.0,
2022-07-25,15537297,336.56,,,11218.42,,,,,3329.472,,,,,546723.86,,2355.87,3329.47,,,,,,,,31709.26,,5803.21,,4362.74,17409.64,,546723.86,76525.17,546723.86,,8068.0,615181.03,
2022-07-25,15550872,,,,68.38,,,,,20.383,,,,,3402.07,,14.36,20.38,,,,,,2.36,,194.13,,,70.73,26.59,,,3402.07,396.93,3402.07,,,3799.0,
2022-07-25,15550885,,,,494.38,,,,,147.367,,,,,24596.03,,103.82,147.37,,,,,,17.08,,1403.5,,,511.36,192.26,,,24596.03,2869.77,24596.03,,,27465.8,
2022-07-25,15550898,,,,917.83,,,,,273.589,,,,,44267.12,,192.74,273.59,,,,,,31.71,,2605.61,,,920.86,356.93,1424.01,,44267.12,6723.28,44267.12,,,50990.4,
2022-07-25,15550911,,,,100.41,,,,,29.929,,,,,4995.35,,21.09,29.93,,,,,,3.47,,285.05,,,103.85,39.05,,,4995.35,582.85,4995.35,,,5578.2,
2022-07-25,15550922,,,,552.07,,,,,164.561,,,,,27465.69,,115.93,164.56,,,,,,19.07,,1567.25,,,571.02,214.69,,,27465.69,3204.59,27465.69,,,30670.28,
2022-07-25,15550935,,,,682.89,,,,,180.816,,,,,33166.65,,143.41,180.82,,,,,,21.64,,1722.07,,,689.35,265.57,1066.0,,33166.65,4771.75,33166.65,,4238.5,33699.9,
2022-07-25,15550950,,,,432.73,,,,,128.986,,,,,21528.16,,90.87,128.99,,,,,,14.95,,1228.44,,,447.58,168.28,,,21528.16,2511.84,21528.16,,,24040.0,
2022-07-25,15554030,,,,1162.26,,,,,346.452,,,,,54938.27,,244.07,346.45,,,,,,,,3299.55,,,2324.53,451.99,1803.26,,54938.27,9632.11,54938.27,,,64570.38,
2022-07-25,15554043,,,,300.51,,,,,73.487,,,,,15049.07,,63.11,73.49,,,,,,,,699.88,,,392.37,116.87,,,15049.07,1646.23,15049.07,,2999.0,13696.3,
2022-07-25,15554056,,,,1341.39,,,,,502.474,,,,,65036.5,,281.69,502.47,,,,,,,,4785.48,,,,521.65,2051.82,,65036.5,9484.5,65036.5,,1279.2,73241.8,
2022-07-25,15554071,,,,829.07,,,,,159.149,,,,,41747.71,,174.1,159.15,,,,,,,,1515.71,,,,322.42,1311.44,,41747.71,4311.89,41747.71,,16398.0,29661.6,
2022-07-25,15554084,,,,576.75,,,,,143.947,,,,,28702.13,,121.12,143.95,,,,,,,,1370.93,,,,224.29,902.83,,28702.13,3339.87,28702.13,,5213.6,26828.4,
2022-07-25,15554097,,,,612.16,,,,,117.922,,,,,30821.02,,128.55,117.92,,,,,,,,1123.08,,,,238.06,968.21,,30821.02,3187.98,30821.02,,12031.0,21978.0,
2022-07-25,15554106,,,,997.17,,,,,287.861,,,,,47972.76,,209.41,287.86,,,,,,,,2741.54,,,1252.76,387.79,1549.81,,47972.76,7426.34,47972.76,,1748.6,53650.5,
2022-07-25,15554121,,,,96.08,11.5,,,,28.64,,,,,4868.86,,20.18,28.64,,,,2.42,,,,272.76,,,,37.36,,,4868.86,455.02,4882.78,13.92,,5337.8,
2022-07-25,15554134,,,,615.24,,,,,183.389,,,,,30311.13,,129.2,183.39,,,,,,,,1746.56,,,,239.26,954.52,,30311.13,3868.17,30311.13,,,34179.3,
2022-07-25,15569812,,,,567.76,,,,,162.265,,,,,28319.34,,119.23,162.27,,,,,,19.02,,1545.39,,,588.59,220.8,,,28319.34,3223.06,28319.34,,1300.0,30242.4,
2022-07-25,15580405,,,,102.55,,,,,30.567,,,,,5211.34,,21.54,30.57,,,,,,,,291.12,,,,39.88,,,5211.34,485.66,5211.34,,,5697.0,
2022-07-25,15589105,,,,782.96,,,,,233.384,,,,,37008.7,,164.42,233.38,,,,,,,,2222.71,,,1565.9,304.48,1214.75,,37008.7,6488.6,37008.7,,,43497.3,
2022-07-25,15589118,,,,977.16,,,,,291.275,,,,,48142.94,,205.2,291.28,,,,,,,,2774.05,,,,380.01,1516.06,,48142.94,6143.76,48142.94,,,54286.7,
2022-07-25,19265106,,,,725.28,,,,,199.294,,,,,35151.54,,152.31,199.29,,,,,,23.61,,1898.04,,,730.79,282.05,1130.09,,35151.54,5141.46,35151.54,,3149.3,37143.7,
2022-07-25,19273970,71.94,,,2397.63,,,,,714.694,,,,,116815.11,,503.5,714.69,,,,,,,,6806.61,,1239.98,,932.41,3719.93,,116815.11,16386.69,116815.11,,,133201.8,
2022-07-26,4547438,1107.8833333333334,,,27890.030000000002,,,,,19526.679,,1915.6,1063.37,19249.51,1880706.75,1063.37,5856.9075,19526.68,,1915.6,,,,712.75,425.57,185968.4,,20217.74,38946.665,14546.4225,36369.3675,,1880706.75,197353.64250000002,1880706.75,,1631743.4466666665,1708505.615,1533.4533333333334
2022-07-26,14935528,,,,451.67,,,,,134.636,,,,,22471.15,,94.85,134.64,,,,,,15.61,,1282.25,,,467.18,175.65,,,22471.15,2621.85,22471.15,,,25093.0,
2022-07-26,14935530,,,,38.13,,,,,11.365,,,,,1937.62,,8.01,11.37,,,,,,,,108.24,,,,14.83,,,1937.62,180.58,1937.62,,,2118.2,
2022-07-26,14935569,,,,99.87,,,,,,,,,,5388.62,,20.97,,,,,,,,,,,,,38.84,,,5388.62,159.68,5388.62,,5548.3,,
2022-07-26,15537297,181.08,,,6035.54,,,,,1880.38,,,,,293235.92,,1267.46,1880.38,,,,,,,,17908.38,,3113.67,,2347.17,9341.0,,293235.92,42074.68,293235.92,,21136.0,314174.6,
2022-07-26,15550872,,,,269.94,,,,,80.466,,,,,13430.03,,56.69,80.47,,,,,,9.33,,766.35,,,279.21,104.98,,,13430.03,1566.97,13430.03,,,14997.0,
2022-07-26,15550885,,,,140.37,,,,,41.842,,,,,6983.58,,29.48,41.84,,,,,,4.85,,398.5,,,145.19,54.59,,,6983.58,814.82,6983.58,,,7798.4,
2022-07-26,15550922,,,,89.98,,,,,26.822,,,,,4476.68,,18.9,26.82,,,,,,3.11,,255.45,,,93.07,34.99,,,4476.68,522.32,4476.68,,,4999.0,
2022-07-26,15550935,,,,221.35,,,,,63.296,,,,,11040.08,,46.48,63.3,,,,,,7.42,,602.83,,,229.46,86.08,,,11040.08,1256.92,11040.08,,500.0,11797.0,
2022-07-26,15550950,,,,639.91,,,,,190.746,,,,,30863.12,,134.38,190.75,,,,,,22.11,,1816.64,,,642.02,248.85,992.82,,30863.12,4687.48,30863.12,,,35550.6,
2022-07-26,15554030,,,,283.72,,,,,84.572,,,,,13851.1,,59.58,84.57,,,,,,,,805.45,,,567.44,110.34,,,13851.1,1911.1,13851.1,,,15762.2,
2022-07-26,15554043,,,,66.23,,,,,,,,,,3482.99,,13.91,,,,,,,,,,,,90.32,25.75,,,3482.99,196.21,3482.99,,3679.2,,
2022-07-26,15554056,,,,710.7,,,,,211.85,,,,,35015.33,,149.25,211.85,,,,,,,,2017.62,,,,276.39,1102.66,,35015.33,4468.47,35015.33,,,39483.8,
2022-07-26,15554071,,,,325.95,,,,,97.16,,,,,16564.65,,68.45,97.16,,,,,,,,925.33,,,,126.76,,,16564.65,1543.65,16564.65,,,18108.3,
2022-07-26,15554084,,,,457.02,,,,,136.23,,,,,23225.72,,95.97,136.23,,,,,,,,1297.43,,,,177.73,,,23225.72,2164.38,23225.72,,,25390.1,
2022-07-26,15554106,,,,751.37,,,,,185.733,,,,,36459.28,,157.79,185.73,,,,,,,,1768.89,,,951.15,292.2,1176.69,,36459.28,5283.82,36459.28,,7126.9,34616.2,
2022-07-26,15554134,,,,88.99,,,,,26.527,,,,,4522.54,,18.69,26.53,,,,,,,,252.64,,,,34.61,,,4522.54,421.46,4522.54,,,4944.0,
2022-07-26,15569812,,,,215.91,,,,,64.36,,,,,10741.87,,45.34,64.36,,,,,,7.46,,612.96,,,223.33,83.97,,,10741.87,1253.33,10741.87,,,11995.2,
2022-07-26,15580405,,,,151.33,,,,,45.11,,,,,7690.81,,31.78,45.11,,,,,,,,429.62,,,,58.85,,,7690.81,716.69,7690.81,,,8407.5,
2022-07-26,15589105,,,,695.96,,,,,207.453,,,,,32896.65,,146.15,207.45,,,,,,,,1975.75,,,1391.91,270.65,1079.78,,32896.65,5767.65,32896.65,,,38664.3,
2022-07-26,15589118,,,,338.34,,,,,100.855,,,,,17194.64,,71.05,100.86,,,,,,,,960.53,,,,131.58,,,17194.64,1602.36,17194.64,,,18797.0,
2022-07-26,19265106,,,,282.71,,,,,84.272,,,,,14065.23,,59.37,84.27,,,,,,9.77,,802.59,,,292.42,109.94,,,14065.23,1641.07,14065.23,,,15706.3,
2022-07-26,19273970,,,,1211.47,,,,,346.476,,,,,59837.05,,254.41,346.48,,,,,,,,3299.77,,,,471.13,1883.79,,59837.05,7467.05,59837.05,,2729.3,64574.8,
2022-07-27,4547438,708.93,,,23628.975000000002,,,,,18823.298,,4842.05,1510.79,37445.8,1253184.63,1510.79,4962.085,18823.3,,4842.05,,,,700.2725,907.55,179269.53,,12472.5375,26042.2675,9994.3025,35363.7025,,1253184.63,174572.8275,1253184.63,,703251.7666666666,1800637.265,1616.48
2022-07-27,14935556,,,,518.31,,,,,154.499,,,,,26340.34,,108.85,154.5,,,,,,,,1471.43,,,,201.57,,,26340.34,2454.66,26340.34,,,28795.0,
2022-07-27,14935569,,,,139.1,,,,,41.462,,,,,7068.86,,29.21,41.46,,,,,,,,394.88,,,,54.09,,,7068.86,658.74,7068.86,,,7727.6,
2022-07-27,15537297,179.13,,,5970.97,,,,,1750.935,,,,,291206.43,,1253.9,1750.94,,,,,,,,16675.57,,3090.75,,2322.05,9272.26,,291206.43,40515.57,291206.43,,5390.0,326332.0,
2022-07-27,15550872,,,,80.97,,,,,24.135,,,,,4028.29,,17.0,24.14,,,,,,2.8,,229.86,,,83.75,31.49,,,4028.29,470.01,4028.29,,,4498.3,
2022-07-27,15550885,,,,138.76,,,,,31.173,,,,,7009.69,,29.14,31.17,,,,,,3.92,,296.89,,,145.47,53.96,,,7009.69,699.31,7009.69,,1899.0,5810.0,
2022-07-27,15550898,,,,582.69,,,,,173.692,,,,,28103.65,,122.36,173.69,,,,,,20.13,,1654.21,,,584.62,226.6,904.05,,28103.65,4268.35,28103.65,,,32372.0,
2022-07-27,15550922,,,,637.7,,,,,171.318,,,,,30947.19,,133.92,171.32,,,,,,20.42,,1631.6,,,643.28,248.0,994.77,,30947.19,4481.01,30947.19,,3498.6,31929.6,
2022-07-27,15550935,,,,242.98,,,,,72.428,,,,,12088.56,,51.03,72.43,,,,,,8.39,,689.8,,,251.32,94.49,,,12088.56,1410.44,12088.56,,,13499.0,
2022-07-27,15550950,,,,67.47,,,,,20.112,,,,,3356.84,,14.17,20.11,,,,,,2.33,,191.55,,,69.79,26.24,,,3356.84,391.66,3356.84,,,3748.5,
2022-07-27,15554030,,,,627.48,,,,,187.041,,,,,29659.84,,131.77,187.04,,,,,,,,1781.35,,,1254.96,244.02,973.54,,29659.84,5200.16,29659.84,,,34860.0,
2022-07-27,15554043,,,,78.09,,,,,,,,,,4106.93,,16.4,,,,,,,,,,,,106.51,30.37,,,4106.93,231.37,4106.93,,4338.3,,
2022-07-27,15554056,,,,309.55,,,,,92.271,,,,,15731.21,,65.01,92.27,,,,,,,,878.78,,,,120.38,,,15731.21,1465.99,15731.21,,,17197.2,
2022-07-27,15554071,,,,330.85,,,,,98.62,,,,,16813.65,,69.48,98.62,,,,,,,,939.24,,,,128.66,,,16813.65,1566.85,16813.65,,,18380.5,
2022-07-27,15554084,,,,459.29,,,,,192.257,,,,,22758.45,,96.45,192.26,,,,,,,,1831.02,,,,178.61,,,22758.45,2757.63,22758.45,,,25516.08,
2022-07-27,15554097,,,,160.7,,,,,47.903,,,,,8166.93,,33.75,47.9,,,,,,,,456.22,,,,62.5,,,8166.93,761.07,8166.93,,,8928.0,
2022-07-27,15554106,,,,493.4,,,,,147.076,,,,,24436.78,,103.61,147.08,,,,,,,,1400.72,,,637.93,191.88,,,24436.78,2974.62,24436.78,,,27411.4,
2022-07-27,15554134,,,,51.83,,,,,,,,,,2796.34,,10.88,,,,,,,,,,,,,20.15,,,2796.34,82.86,2796.34,,2879.2,,
2022-07-27,15569812,,,,241.98,,,,,72.128,,,,,12038.39,,50.82,72.13,,,,,,8.36,,686.94,,,250.28,94.1,,,12038.39,1404.61,12038.39,,,13443.0,
2022-07-27,15580405,,,,293.25,,,,,87.413,,,,,14902.91,,61.58,87.41,,,,,,,,832.51,,,,114.04,,,14902.91,1388.79,14902.91,,,16291.7,
2022-07-27,15589105,,,,718.72,,,,,214.238,,,,,33972.61,,150.93,214.24,,,,,,,,2040.37,,,1437.44,279.5,1115.09,,33972.61,5956.29,33972.61,,,39928.9,
2022-07-27,15589118,,,,462.93,,,,,195.507,,,,,22920.44,,97.22,195.51,,,,,,,,1861.97,,,,180.03,,,22920.44,2797.66,22920.44,,,25718.1,
2022-07-27,16378521,,,,387.25,,,,,,230.866,,,,19147.85,,81.32,,230.87,,,,,16.19,,1099.37,,,400.55,150.6,,,19147.85,2366.15,19147.85,,,21514.0,
2022-07-27,19265106,,,,615.65,,,,,183.514,,,,,29692.85,,129.29,183.51,,,,,,21.27,,1747.75,,,617.68,239.42,955.18,,29692.85,4509.75,29692.85,,,34202.6,
2022-07-27,19273970,,,,1365.74,,,,,392.516,,,,,67436.46,,286.81,392.52,,,,,,,,3738.25,,,,531.12,2123.1,,67436.46,8437.54,67436.46,,2718.4,73155.6,
2022-07-28,4547438,738.3349999999999,,,24609.9925,,,,,20603.392,,1105.86,866.07,13514.32,1356604.6275000002,866.07,5168.097500000001,20603.39,,1105.86,,,,693.3975,281.72,196222.81,,17197.38333333333,28156.265000000003,10738.135,36263.83,,1356604.6275000002,177414.6325,1356604.6275000002,,833692.8333333334,1817499.27,1020.055
2022-07-28,14935528,,,,921.0,,,,,232.969,,,,,44841.79,,193.41,232.97,,,,,,28.26,,2218.76,,,931.73,358.17,1440.81,,44841.79,6325.11,44841.79,,7747.0,43419.9,
2022-07-28,14935530,,,,154.77,,,,,46.135,,,,,7700.17,,32.5,46.14,,,,,,5.35,,439.39,,,160.09,60.19,,,7700.17,898.43,7700.17,,,8598.6,
2022-07-28,14935556,,,,86.36,,,,,25.743,,,,,4388.99,,18.14,25.74,,,,,,,,245.18,,,,33.59,,,4388.99,409.01,4388.99,,,4798.0,
2022-07-28,14935569,,,,164.02,,,,,48.893,,,,,8335.71,,34.44,48.89,,,,,,,,465.65,,,,63.79,,,8335.71,776.79,8335.71,,,9112.5,
2022-07-28,15537297,122.57,,,4085.37,,,,,1316.254,,,,,198046.76,,857.93,1316.25,,,,,,,,12535.75,,2103.46,,1588.77,6310.38,,198046.76,28920.48,198046.76,,2100.0,224867.24,
2022-07-28,15550872,,,,211.27,,,,,62.976,,,,,10510.83,,44.37,62.98,,,,,,7.3,,599.77,,,218.52,82.16,,,10510.83,1226.37,10510.83,,,11737.2,
2022-07-28,15550885,,,,504.62,,,,,150.419,,,,,25105.31,,105.97,150.42,,,,,,17.43,,1432.56,,,521.95,196.24,,,25105.31,2929.19,25105.31,,,28034.5,
2022-07-28,15550898,,,,46.07,,,,,13.731,,,,,2293.39,,9.67,13.73,,,,,,,,130.78,,,47.65,17.91,,,2293.39,265.81,2293.39,,,2559.2,
2022-07-28,15550911,,,,300.68,,,,,171.361,,,,,14107.4,,63.14,171.36,,,,,,17.39,,1632.01,,,295.43,116.93,,,14107.4,2596.94,14107.4,,,16704.34,
2022-07-28,15550922,,,,640.56,,,,,190.937,,,,,30894.0,,134.52,190.94,,,,,,22.13,,1818.46,,,642.67,249.1,993.82,,30894.0,4692.2,30894.0,,,35586.2,
2022-07-28,15550935,,,,187.68,,,,,45.754,,,,,9443.24,,39.41,45.75,,,,,,5.61,,435.76,,,196.06,72.99,,,9443.24,983.26,9443.24,,1899.0,8527.5,
2022-07-28,15550950,,,,287.37,,,,,37.385,,,,,14799.67,,60.35,37.39,,,,,,5.79,,356.05,,,306.43,111.75,,,14799.67,1165.13,14799.67,,8997.0,6967.8,
2022-07-28,15554030,,,,107.98,,,,,32.187,,,,,5271.65,,22.68,32.19,,,,,,,,306.55,,,215.96,41.99,,,5271.65,727.35,5271.65,,,5999.0,
2022-07-28,15554056,,,,1315.82,,,,,493.185,,,,,63794.67,,276.32,493.19,,,,,,,,4697.01,,,,511.71,2012.66,,63794.67,9306.71,63794.67,,,73101.38,
2022-07-28,15554071,,,,782.4,,,,,233.218,,,,,38547.11,,164.3,233.22,,,,,,,,2221.13,,,,304.26,1213.88,,38547.11,4919.19,38547.11,,,43466.3,
2022-07-28,15554084,,,,1423.86,,,,,424.429,,,,,70151.08,,299.01,424.43,,,,,,,,4042.18,,,,553.72,2209.12,,70151.08,8952.32,70151.08,,,79103.4,
2022-07-28,15554097,,,,153.4,,,,,45.724,,,,,7795.55,,32.21,45.72,,,,,,,,435.47,,,,59.65,,,7795.55,726.45,7795.55,,,8522.0,
2022-07-28,15554106,,,,1088.55,,,,,292.292,,,,,52588.17,,228.6,292.29,,,,,,,,2783.74,,,1372.63,423.33,1698.09,,52588.17,7887.23,52588.17,,5999.0,54476.4,
2022-07-28,15554134,,,,230.33,,,,,68.658,,,,,11705.48,,48.37,68.66,,,,,,,,653.89,,,,89.57,,,11705.48,1090.82,11705.48,,,12796.3,
2022-07-28,15589105,,,,504.14,,,,,245.399,,,,,23611.01,,105.87,245.4,,,,,,,,2337.14,,,1008.28,196.06,,,23611.01,4396.89,23611.01,,,28007.9,
2022-07-28,15589118,,,,774.86,,,,,230.971,,,,,38175.8,,162.72,230.97,,,,,,,,2199.73,,,,301.33,1202.19,,38175.8,4871.8,38175.8,,,43047.6,
2022-07-28,16378521,,,,333.23,,,,,,198.663,,,,16476.92,,69.98,,198.66,,,,,13.93,,946.01,,,344.68,129.59,,,16476.92,2036.08,16476.92,,,18513.0,
2022-07-28,19265106,,,,70.16,,,,,20.914,,,,,3490.73,,14.73,20.91,,,,,,2.42,,199.19,,,72.57,27.29,,,3490.73,407.27,3490.73,,,3898.0,
2022-07-28,19273970,65.89,,,2195.83,,,,,527.791,,,,,108269.1,,461.12,527.79,,,,,,,,5026.58,,1147.69,,853.94,3443.06,,108269.1,13721.9,108269.1,,23623.4,98367.6,
2022-07-29,4547438,1048.5733333333333,,,26639.31,,,,,21315.406,,1675.67,445.94,12226.4,1457387.695,445.94,5594.2575,21315.41,,1675.67,,,,724.0224999999999,303.1,203003.89,,18627.766666666666,30243.89,11523.155,39552.5275,,1457387.695,188777.02,1457387.695,,893411.3266666667,1952212.44,1351.6733333333332
2022-07-29,14935528,,,,243.29,,,,,72.521,,,,,12103.96,,51.09,72.52,,,,,,8.41,,690.68,,,251.64,94.61,,,12103.96,1412.24,12103.96,,,13516.2,
2022-07-29,14935530,,,,82.04,,,,,24.453,,,,,4081.41,,17.23,24.45,,,,,,2.83,,232.89,,,84.85,31.9,,,4081.41,476.19,4081.41,,,4557.6,
2022-07-29,14935556,,,,305.95,,,,,91.197,,,,,15548.07,,64.25,91.2,,,,,,,,868.55,,,,118.98,,,15548.07,1448.93,15548.07,,,16997.0,
2022-07-29,14935569,,,,70.53,,,,,21.025,,,,,3584.56,,14.81,21.03,,,,,,,,200.24,,,,27.43,,,3584.56,334.04,3584.56,,,3918.6,
2022-07-29,15537297,118.83,,,2000.54,,,,,1044.095,,,24.86,236.8,98135.01999999999,24.86,420.115,1044.1,,,,,,,,9943.77,,2061.78,,777.99,6185.33,,98135.01999999999,13006.38,98135.01999999999,,34584.0,93849.4,
2022-07-29,15550872,,,,71.98,,,,,,,,,,3805.37,,15.12,,,,,,,,,,,,78.54,27.99,,,3805.37,193.63,3805.37,,3999.0,,
2022-07-29,15550885,,,,806.26,,,,,292.589,,,,,38356.28,,169.31,292.59,,,,,,32.34,,2786.57,,,799.27,313.55,1235.98,,38356.28,6435.87,38356.28,,,44792.15,
2022-07-29,15550922,,,,431.24,,,,,105.374,,,,,21695.89,,90.56,105.37,,,,,,12.91,,1003.57,,,450.46,167.7,,,21695.89,2261.81,21695.89,,4318.4,19639.3,
2022-07-29,15550935,,,,489.5,,,,,145.914,,,,,24353.52,,102.8,145.91,,,,,,16.91,,1389.67,,,506.32,190.37,,,24353.52,2841.48,24353.52,,,27195.0,
2022-07-29,15550950,,,,510.38,,,,,152.134,,,,,25391.6,,107.18,152.13,,,,,,17.63,,1448.9,,,527.9,198.48,,,25391.6,2962.6,25391.6,,,28354.2,
2022-07-29,15554030,,,,92.85,,,,,27.677,,,,,4532.97,,19.5,27.68,,,,,,,,263.59,,,185.7,36.11,,,4532.97,625.43,4532.97,,,5158.4,
2022-07-29,15554043,,,,535.37,,,,,148.856,,,,,26625.22,,112.43,148.86,,,,,,,,1417.68,,,694.74,208.2,,,26625.22,3117.28,26625.22,,1999.2,27743.3,
2022-07-29,15554056,,,,1477.93,,,,,482.609,,,,,72384.49,,310.37,482.61,,,,,,,,4596.28,,,,574.75,2281.0,,72384.49,9722.94,72384.49,,1839.2,80268.23,
2022-07-29,15554071,,,,716.25,,,,,301.944,,,,,34383.23,,150.41,301.94,,,,,,,,2875.67,,,,278.54,1086.0,,34383.23,5408.81,34383.23,,4198.2,35593.84,
2022-07-29,15554084,,,,1032.14,,,,,245.98,,,,,51483.86,,216.75,245.98,,,,,,,,2342.67,,,,401.39,1619.01,,51483.86,5857.94,51483.86,,11497.0,45844.8,
2022-07-29,15554097,,,,118.78,,,,,35.406,,,,,6036.47,,24.94,35.41,,,,,,,,337.21,,,,46.19,,,6036.47,562.53,6036.47,,,6599.0,
2022-07-29,15554106,,,,373.39,,,,,111.303,,,,,18493.19,,78.41,111.3,,,,,,,,1060.03,,,482.77,145.21,,,18493.19,2251.11,18493.19,,,20744.3,
2022-07-29,15554134,,,,232.84,,,,,69.405,,,,,11832.89,,48.9,69.41,,,,,,,,661.01,,,,90.55,,,11832.89,1102.71,11832.89,,,12935.6,
2022-07-29,15569812,,,,389.6,,,,,116.135,,,,,19383.24,,81.82,116.14,,,,,,13.46,,1106.05,,,402.98,151.51,,,19383.24,2261.56,19383.24,,,21644.8,
2022-07-29,15589105,,,,800.22,,,,,213.204,,,,,38084.23,,168.05,213.2,,,,,,,,2030.52,,,1600.44,311.2,1248.78,,38084.23,6372.41,38084.23,,14838.2,29618.44,
2022-07-29,15589118,,,,335.93,,,,,138.868,,,,,16664.51,,70.55,138.87,,,,,,,,1322.56,,,,130.64,,,16664.51,1998.55,16664.51,,,18663.06,
2022-07-29,16378521,,,,93.93,,,,,,55.996,,,,4644.28,,19.73,,56.0,,,,,3.93,,266.65,,,97.15,36.53,,,4644.28,573.92,4644.28,,,5218.2,
2022-07-29,19265106,,,,115.16,,,,,34.328,,,,,5729.5,,24.18,34.33,,,,,,3.98,,326.94,,,119.12,44.79,,,5729.5,668.5,5729.5,,,6398.0,
2022-07-29,19273970,,,,576.0,,,,,146.164,,,,,28639.98,,120.96,146.16,,,,,,,,1392.04,,,,224.0,900.96,,28639.98,3360.12,28639.98,,4758.6,27241.5,
